<?xml version="1.0" encoding="UTF-8" standalone="yes"?>
<contentHaul xmlns:a="http://www.appian.com/ae/types/2009">
    <versionUuid>_a-0000e267-6bf8-8000-9ba2-011c48011c48_2079991</versionUuid>
    <rule>
        <name>CPMS_RULE_Saves_OnsiteChecklist</name>
        <uuid>_a-0000e21d-9dc3-8000-9ba2-011c48011c48_1807185</uuid>
        <description>Onsite Checklist Saves</description>
        <parentUuid>_a-0000e201-b978-8000-9ba2-011c48011c48_1766802</parentUuid>
        <visibility>
            <advertise>false</advertise>
            <hierarchy>true</hierarchy>
            <indexable>true</indexable>
            <quota>false</quota>
            <searchable>true</searchable>
            <system>false</system>
            <unlogged>false</unlogged>
        </visibility>
        <definition>with(
  local!pagingInfoAll:
  #"SYSTEM_SYSRULES_pagingInfo"(
    startIndex: #"_a-0000e1d3-cf59-8000-9ba2-011c48011c48_1622919"[1],
    batchSize: #"_a-0000e1d3-cf59-8000-9ba2-011c48011c48_1622919"[2]
  ),
  local!checklistDataAll: 
  #"_a-0000e03d-bea2-8000-9ba2-011c48011c48_416347"(
    constant: #"_a-0000e0f6-48b1-8000-9ba2-011c48011c48_1104810",
    keyField: "onsiteChecklistId",
    keyToMatch: ri!checklist.caseChecklistId,
    pagingInfo: 
    #"SYSTEM_SYSRULES_pagingInfo"(
      startIndex: #"_a-0000e1d3-cf59-8000-9ba2-011c48011c48_1622919"[1],
      batchSize: #"_a-0000e1d3-cf59-8000-9ba2-011c48011c48_1622919"[2],
      sort: 
      #"SYSTEM_SYSRULES_sortInfo"(
        field: "dataFieldId",
        ascending: true
      )
    )
  ).data,
  /* Mark where Implementation Questions are */
  local!indexesWhereNull: where(apply(fn!isnull, index(local!checklistDataAll, "violationId", {}))),
  /*Get all existing mapped Problem Areas entries*/
  local!problemAreasDataExisting: remove(local!checklistDataAll, local!indexesWhereNull),
  /*Business Logic:*/
  /*Get All Problem Areas that are marked as isOnsite = true*/
  /*Map the new ones over to Onsite Data*/
  local!problemAreasAll:
  if(ri!checklist.isCompleted, {},
    #"_a-0000e018-d5b4-8000-9ba2-011c48011c48_347307"(
      caseMasterId: ri!caseMasterView.caseId,
      isOnsite: true,
      pagingInfo: local!pagingInfoAll
    ).data
  ),
  local!problemAreasIdsToAdd: 
  if(ri!checklist.isCompleted, {},
    difference(
      tointeger(property(local!problemAreasAll, "caseViolationId", {})),
      tointeger(property(local!problemAreasDataExisting, "violationId", {}))
    )
  ),
  local!problemAreasToAdd: 
  if(ri!checklist.isCompleted, {},
    local!problemAreasAll[
      wherecontains(
        local!problemAreasIdsToAdd, 
        tointeger(property(local!problemAreasAll, "violationId", {}))
      )
    ]
  ),
  local!problemAreasDataNew:
  if(ri!checklist.isCompleted, {},
    if(#"2168a5de-fb70-4d66-8b97-b547e3ac6e57"(local!problemAreasToAdd), {},
      cast('type!{urn:com:appian:types:CPMS}CPMS_OnsiteChecklistData?list',      
        #"SYSTEM_SYSRULES_forEach"(        
          items: local!problemAreasToAdd,        
          expression:         
          #"_a-0000e0f6-48b1-8000-9ba2-011c48011c48_1108158"(          
            title: fv!item.citationShortDescription,          
            isViolation: fv!item.isViolation,          
            citationId: fv!item.citationId,          
            onsiteChecklistId: ri!checklist.caseChecklistId,          
            violationId: fv!item.caseViolationId,          
            isOnsite: true,
            protectedBasis: fv!item.protectedBasisId
          )      
        )    
      )
    )
  ),
  local!problemAreasProblemsNew:
  if(ri!checklist.isCompleted, {},
    if(#"2168a5de-fb70-4d66-8b97-b547e3ac6e57"(local!problemAreasToAdd), {},  
      cast('type!{urn:com:appian:types:CPMS}CPMS_OnsiteChecklistProblem?list',    
        #"SYSTEM_SYSRULES_forEach"(      
          items: local!problemAreasToAdd,      
          expression:       
          #"_a-0000e0f6-48b1-8000-9ba2-011c48011c48_1106084"(        
            isOnsite: true,        
            problem: fv!item.problem,        
            actionTaken: fv!item.actionTaken,        
            findings: fv!item.findings,        
            resolutions: fv!item.resolution      
          )    
        )  
      )
    )
  ),
  {
    /* Onsite Implementation data */
    a!save(ri!onsiteChecklistData, local!checklistDataAll[local!indexesWhereNull]),
    a!save(ri!onsiteChecklistProblems, 
      #"_a-0000e0f6-48b1-8000-9ba2-011c48011c48_1105962"(
        onsiteChecklistDataId: ri!onsiteChecklistData.onsiteChecklistDataId,
        pagingInfo: local!pagingInfoAll
      ).data
    ),
    /* Problem areas checklist data */
    a!save(ri!onsiteProblemAreaData, append(local!problemAreasDataExisting, local!problemAreasDataNew)),
    a!save(ri!onsiteProblemAreaProblems, 
      if(#"2168a5de-fb70-4d66-8b97-b547e3ac6e57"(property(local!problemAreasDataExisting, "onsiteChecklistDataId", null)), {},
        reject(isnull(_),
          append(
            #"_a-0000e0f6-48b1-8000-9ba2-011c48011c48_1105962"(
              onsiteChecklistDataId: local!problemAreasDataExisting.onsiteChecklistDataId,
              pagingInfo: local!pagingInfoAll
            ).data,
            local!problemAreasProblemsNew
          )
        )
      )
    ),
    /* Get All Implementation Questions */
    a!save(ri!onsiteChecklistQuestions, 
      #"_a-0000e0f6-48b1-8000-9ba2-011c48011c48_1104245"(
        caseTypeCode: ri!caseMasterView.caseTypeCode,
        pagingInfo: 
        #"SYSTEM_SYSRULES_pagingInfo"(
          startIndex: #"_a-0000e1d3-cf59-8000-9ba2-011c48011c48_1622919"[1],
          batchSize: #"_a-0000e1d3-cf59-8000-9ba2-011c48011c48_1622919"[2],
          sort: 
          #"SYSTEM_SYSRULES_sortInfo"(
            field: "questionOrder",
            ascending: true
          )
        )
      ).data
    ),
    if(ri!getHeader,
      a!save(ri!onsiteChecklistHeader, 
        with(
          local!onsiteChecklistHeader:
          #"_a-0000e03d-bea2-8000-9ba2-011c48011c48_416347"(
            constant: #"_a-0000e189-e727-8000-9ba2-011c48011c48_1525773",
            keyField: "caseChecklistId",
            keyToMatch: ri!checklist.caseChecklistId
          ),
          if(#"2168a5de-fb70-4d66-8b97-b547e3ac6e57"(local!onsiteChecklistHeader), 
            #"_a-0000e201-b978-8000-9ba2-011c48011c48_1776824"(
              caseChecklistId: ri!checklist.caseChecklistId
            ),
            local!onsiteChecklistHeader
          )
        )
      ), {}
    )
  }
)</definition>
        <namedTypedValue>
            <name>caseMasterView</name>
            <type>
                <name>CPMS_V_CaseMaster</name>
                <namespace>urn:com:appian:types:CPMS</namespace>
            </type>
        </namedTypedValue>
        <namedTypedValue>
            <name>checklist</name>
            <type>
                <name>CPMS_CaseChecklist</name>
                <namespace>urn:com:appian:types:CPMS</namespace>
            </type>
        </namedTypedValue>
        <namedTypedValue>
            <name>onsiteChecklistData</name>
            <type>
                <name>CPMS_OnsiteChecklistData?list</name>
                <namespace>urn:com:appian:types:CPMS</namespace>
            </type>
        </namedTypedValue>
        <namedTypedValue>
            <name>onsiteChecklistProblems</name>
            <type>
                <name>CPMS_OnsiteChecklistProblem?list</name>
                <namespace>urn:com:appian:types:CPMS</namespace>
            </type>
        </namedTypedValue>
        <namedTypedValue>
            <name>onsiteProblemAreaData</name>
            <type>
                <name>CPMS_OnsiteChecklistData?list</name>
                <namespace>urn:com:appian:types:CPMS</namespace>
            </type>
        </namedTypedValue>
        <namedTypedValue>
            <name>onsiteProblemAreaProblems</name>
            <type>
                <name>CPMS_OnsiteChecklistProblem?list</name>
                <namespace>urn:com:appian:types:CPMS</namespace>
            </type>
        </namedTypedValue>
        <namedTypedValue>
            <name>onsiteChecklistQuestions</name>
            <type>
                <name>CPMS_R_OnsiteQuestions?list</name>
                <namespace>urn:com:appian:types:CPMS</namespace>
            </type>
        </namedTypedValue>
        <namedTypedValue>
            <name>onsiteChecklistHeader</name>
            <type>
                <name>CPMS_OnsiteChecklistCEHeader</name>
                <namespace>urn:com:appian:types:CPMS</namespace>
            </type>
        </namedTypedValue>
        <namedTypedValue>
            <name>getHeader</name>
            <type>
                <name>boolean</name>
                <namespace>http://www.w3.org/2001/XMLSchema</namespace>
            </type>
        </namedTypedValue>
        <preferredEditor>legacy</preferredEditor>
        <offlineEnabled>false</offlineEnabled>
    </rule>
    <roleMap public="true">
        <role inherit="true" allowForAll="false" name="readers">
            <users/>
            <groups/>
        </role>
        <role inherit="true" allowForAll="false" name="authors">
            <users/>
            <groups/>
        </role>
        <role inherit="true" allowForAll="false" name="administrators">
            <users/>
            <groups/>
        </role>
        <role inherit="false" allowForAll="false" name="denyReaders">
            <users/>
            <groups/>
        </role>
        <role inherit="false" allowForAll="false" name="denyAuthors">
            <users/>
            <groups/>
        </role>
        <role inherit="false" allowForAll="false" name="denyAdministrators">
            <users/>
            <groups/>
        </role>
    </roleMap>
    <history>
        <historyInfo versionUuid="_a-0000e21d-9dc3-8000-9ba2-011c48011c48_1811264"/>
        <historyInfo versionUuid="_a-0000e21d-9dc3-8000-9ba2-011c48011c48_1818764"/>
        <historyInfo versionUuid="_a-0000e242-7d55-8000-9ba2-011c48011c48_1857607"/>
        <historyInfo versionUuid="_a-0000e267-6bf8-8000-9ba2-011c48011c48_2079991"/>
        <historyInfo versionUuid="_a-0000e28c-4fbf-8000-9ba2-011c48011c48_2219333"/>
    </history>
</contentHaul>
