<?xml version="1.0" encoding="UTF-8" standalone="yes"?>
<contentHaul xmlns:a="http://www.appian.com/ae/types/2009">
    <versionUuid>_a-0000e28c-4fbf-8000-9ba2-011c48011c48_2219305</versionUuid>
    <rule>
        <name>CPMS_RULE_CE_Saves_OnsiteChecklist</name>
        <uuid>_a-0000e28c-4fbf-8000-9ba2-011c48011c48_2219248</uuid>
        <description>Onsite Checklist Saves</description>
        <parentUuid>_a-0000e201-b978-8000-9ba2-011c48011c48_1766802</parentUuid>
        <visibility>
            <advertise>false</advertise>
            <hierarchy>true</hierarchy>
            <indexable>true</indexable>
            <quota>false</quota>
            <searchable>true</searchable>
            <system>false</system>
            <unlogged>false</unlogged>
        </visibility>
        <definition>with(
  local!onsiteHelper:
  #"_a-0000e28c-4fbf-8000-9ba2-011c48011c48_2219254"(
    caseMasterView: ri!caseMasterView,
    checklist: ri!checklist
  ),
  {
    a!save(ri!onsiteChecklistData, local!onsiteHelper.onsiteData),
    a!save(ri!onsiteChecklistProblems, local!onsiteHelper.onsiteProblems),
    a!save(ri!onsiteProblemAreaData, local!onsiteHelper.problemAreaData),
    a!save(ri!onsiteProblemAreaProblems, local!onsiteHelper.problemAreaProblems),
    a!save(ri!onsiteChecklistQuestions, local!onsiteHelper.onsiteQuestions)
  }
)</definition>
        <namedTypedValue>
            <name>caseMasterView</name>
            <type>
                <name>CPMS_V_CaseMaster</name>
                <namespace>urn:com:appian:types:CPMS</namespace>
            </type>
        </namedTypedValue>
        <namedTypedValue>
            <name>checklist</name>
            <type>
                <name>CPMS_CaseChecklist</name>
                <namespace>urn:com:appian:types:CPMS</namespace>
            </type>
        </namedTypedValue>
        <namedTypedValue>
            <name>onsiteChecklistData</name>
            <type>
                <name>CPMS_OnsiteChecklistData?list</name>
                <namespace>urn:com:appian:types:CPMS</namespace>
            </type>
        </namedTypedValue>
        <namedTypedValue>
            <name>onsiteChecklistProblems</name>
            <type>
                <name>CPMS_OnsiteChecklistProblem?list</name>
                <namespace>urn:com:appian:types:CPMS</namespace>
            </type>
        </namedTypedValue>
        <namedTypedValue>
            <name>onsiteProblemAreaData</name>
            <type>
                <name>CPMS_OnsiteChecklistData?list</name>
                <namespace>urn:com:appian:types:CPMS</namespace>
            </type>
        </namedTypedValue>
        <namedTypedValue>
            <name>onsiteProblemAreaProblems</name>
            <type>
                <name>CPMS_OnsiteChecklistProblem?list</name>
                <namespace>urn:com:appian:types:CPMS</namespace>
            </type>
        </namedTypedValue>
        <namedTypedValue>
            <name>onsiteChecklistQuestions</name>
            <type>
                <name>CPMS_R_OnsiteQuestions?list</name>
                <namespace>urn:com:appian:types:CPMS</namespace>
            </type>
        </namedTypedValue>
        <preferredEditor>legacy</preferredEditor>
        <offlineEnabled>false</offlineEnabled>
    </rule>
    <roleMap public="true">
        <role inherit="true" allowForAll="false" name="readers">
            <users/>
            <groups/>
        </role>
        <role inherit="true" allowForAll="false" name="authors">
            <users/>
            <groups/>
        </role>
        <role inherit="true" allowForAll="false" name="administrators">
            <users/>
            <groups/>
        </role>
        <role inherit="false" allowForAll="false" name="denyReaders">
            <users/>
            <groups/>
        </role>
        <role inherit="false" allowForAll="false" name="denyAuthors">
            <users/>
            <groups/>
        </role>
        <role inherit="false" allowForAll="false" name="denyAdministrators">
            <users/>
            <groups/>
        </role>
    </roleMap>
    <history>
        <historyInfo versionUuid="_a-0000e28c-4fbf-8000-9ba2-011c48011c48_2219305"/>
    </history>
</contentHaul>
