<?xml version="1.0" encoding="UTF-8" standalone="yes"?>
<contentHaul xmlns:a="http://www.appian.com/ae/types/2009">
    <versionUuid>_a-0000e298-3c6e-8000-9ba2-011c48011c48_1861030</versionUuid>
    <rule>
        <name>CPMS_DSH_Checklist_Onsite_Single</name>
        <uuid>_a-0000e140-13df-8000-9ba2-011c48011c48_1341230</uuid>
        <description>Has logic for displaying a single onsite</description>
        <parentUuid>_a-0000dfe1-8627-8000-9ba2-011c48011c48_224997</parentUuid>
        <visibility>
            <advertise>false</advertise>
            <hierarchy>true</hierarchy>
            <indexable>true</indexable>
            <quota>false</quota>
            <searchable>true</searchable>
            <system>false</system>
            <unlogged>false</unlogged>
        </visibility>
        <definition>load(
  local!isSSandFR : and(
    ri!caseMasterView.investigativeProcedureCode = #"_a-0000e189-e727-8000-9ba2-011c48011c48_1514503"[1],
    ri!caseMasterView.caseSource = #"_a-0000e201-b978-8000-9ba2-011c48011c48_1759762"[2],
    ri!caseMasterView.caseTypeCode = #"_a-0000e170-e0a2-8000-9ba2-011c48011c48_1440450"[1]
  ),
  local!currentStep: 1,
  local!currentSubStep: 1,
  local!selectedSteps: #"_a-0000e0f6-48b1-8000-9ba2-011c48011c48_1103075",
  local!selectedSubSteps: #"_a-0000e0f6-48b1-8000-9ba2-011c48011c48_1110750",
  local!pagingInfoAll:
  #"SYSTEM_SYSRULES_pagingInfo"(
    startIndex: #"_a-0000e1d3-cf59-8000-9ba2-011c48011c48_1622919"[1],
    batchSize: #"_a-0000e1d3-cf59-8000-9ba2-011c48011c48_1622919"[2]
  ),
  local!initialQuestions:
  #"_a-0000e0f6-48b1-8000-9ba2-011c48011c48_1104245"(
    pagingInfo: 
    #"SYSTEM_SYSRULES_pagingInfo"(
      startIndex: #"_a-0000e1d3-cf59-8000-9ba2-011c48011c48_1622919"[1],
      batchSize: #"_a-0000e1d3-cf59-8000-9ba2-011c48011c48_1622919"[2],
      sort: 
      #"SYSTEM_SYSRULES_sortInfo"(
        field: "questionOrder",
        ascending: true
      )
    ),
    caseTypeCode: ri!caseMasterView.caseTypeCode
  ).data,
  local!questionsEO11246: local!initialQuestions[#"_a-0000e201-b978-8000-9ba2-011c48011c48_1774199"],
  local!questions503andVevraa: remove(local!initialQuestions, #"_a-0000e201-b978-8000-9ba2-011c48011c48_1774199"),
  local!questions: 
  if(local!isSSandFR,
  append(
    local!questionsEO11246[wherecontains(
      #"_a-0000e201-b978-8000-9ba2-011c48011c48_1761994", 
      tointeger(local!questionsEO11246.onsiteChecklistQuestionId)
    )],
    local!questions503andVevraa
  ),
  local!initialQuestions
  ),
  local!checklistData: 
  #"_a-0000e03d-bea2-8000-9ba2-011c48011c48_416347"(
    constant: #"_a-0000e0f6-48b1-8000-9ba2-011c48011c48_1104810",
    keyField: "onsiteChecklistId",
    keyToMatch: ri!checklist.caseChecklistId,
    pagingInfo: 
    #"SYSTEM_SYSRULES_pagingInfo"(
      startIndex: #"_a-0000e1d3-cf59-8000-9ba2-011c48011c48_1622919"[1],
      batchSize: #"_a-0000e1d3-cf59-8000-9ba2-011c48011c48_1622919"[2],
      sort: 
      #"SYSTEM_SYSRULES_sortInfo"(
        field: "dataFieldId",
        ascending: true
      )
    )
  ).data,
    /*Business Logic:*/
  /*Get All Problem Areas that are marked as isOnsite = true &amp; isResolve = false*/
  /*Map the new ones over to Onsite Data*/
  local!problemAreasAll:
    #"_a-0000e018-d5b4-8000-9ba2-011c48011c48_347307"(
      caseMasterId: ri!caseMasterView.caseId,
      isOnsite: true,
      isResolved: false,
      pagingInfo: local!pagingInfoAll
    ).data,
  local!indexesWhereNull: where(apply(fn!isnull,index(local!checklistData, "violationId",{}))),
  /*Onsite questions checklist data*/
  local!onsiteChecklistData: local!checklistData[local!indexesWhereNull],
  /* Problem areas checklist data */
  local!problemAreasDataExisting: remove(local!checklistData, local!indexesWhereNull),
  local!onsiteChecklistProblems: 
  if(#"2168a5de-fb70-4d66-8b97-b547e3ac6e57"(property(local!onsiteChecklistData, "onsiteChecklistDataId", null)), {},
    #"_a-0000e0f6-48b1-8000-9ba2-011c48011c48_1105962"(
      onsiteChecklistDataId: property(local!onsiteChecklistData, "onsiteChecklistDataId", null),
      pagingInfo: local!pagingInfoAll
    ).data
  ),
  local!problemAreasProblemsExisting: 
  if(#"2168a5de-fb70-4d66-8b97-b547e3ac6e57"(property(local!problemAreasDataExisting, "onsiteChecklistDataId", null)), {},
    #"_a-0000e0f6-48b1-8000-9ba2-011c48011c48_1105962"(
      onsiteChecklistDataId: property(local!problemAreasDataExisting, "onsiteChecklistDataId", null),
      pagingInfo: local!pagingInfoAll
    ).data
  ),

  local!problemAreasIdsToAdd: 
    difference(
      tointeger(property(local!problemAreasAll, "caseViolationId", {})),
      tointeger(property(local!problemAreasDataExisting, "violationId", {}))
    ),
  local!problemAreasToAdd: 
    local!problemAreasAll[
      wherecontains(
        local!problemAreasIdsToAdd, 
        tointeger(property(local!problemAreasAll, "caseViolationId", {}))
      )
    ],
  local!problemAreasDataNew:
  #"_a-0000e21d-9dc3-8000-9ba2-011c48011c48_1844032"(  
    checklistId: ri!checklist.caseChecklistId,  
    violations: local!problemAreasToAdd
  ),
  local!problemAreasProblemsNew:
  #"_a-0000e21d-9dc3-8000-9ba2-011c48011c48_1844068"(  
    checklistId: ri!checklist.caseChecklistId,  
    violations: local!problemAreasToAdd
  ),
  local!problemAreasData: {local!problemAreasDataExisting, local!problemAreasDataNew},
  local!problemAreasProblems: {local!problemAreasProblemsExisting, local!problemAreasProblemsNew},
  {
    /*Supply and Service / Preaward*/
    if(contains(#"_a-0000e170-e0a2-8000-9ba2-011c48011c48_1453371"[{1, 4}], ri!caseMasterView.caseTypeCode),
      #"_a-0000e140-13df-8000-9ba2-011c48011c48_1342154"(
        currentStep: local!currentStep,
        currentSubStep: local!currentSubStep,
        checklistId: ri!checklist.caseChecklistId,
        selectedSteps: local!selectedSteps,
        selectedSubSteps: local!selectedSubSteps,
        onsiteChecklistData: local!onsiteChecklistData,
        onsiteChecklistProblems: local!onsiteChecklistProblems,
        previousChecklistData: local!problemAreasData,
        previousChecklistProblems: local!problemAreasProblems,
        questions: local!questions,
        checklistCount: 1,
        isSSandFR: local!isSSandFR
      ), {}
    ),
    /*Construction*/
    if(ri!caseMasterView.caseTypeCode &lt;&gt; #"_a-0000e170-e0a2-8000-9ba2-011c48011c48_1453371"[2], {},
      #"_a-0000e170-e0a2-8000-9ba2-011c48011c48_1445369"(
        currentStep: local!currentStep,
        currentSubStep: local!currentSubStep,
        checklistId: ri!checklist.caseChecklistId,
        caseMasterId: ri!caseMasterView.caseId,
        onsiteChecklistData: local!onsiteChecklistData,
        onsiteChecklistProblems: local!onsiteChecklistProblems,
        previousChecklistData: local!problemAreasData,
        previousChecklistProblems: local!problemAreasProblems,
        questions: local!questions
      )
    ),
    /*Complaint Investigation*/
    if(ri!caseMasterView.caseTypeCode &lt;&gt; #"_a-0000e170-e0a2-8000-9ba2-011c48011c48_1453371"[3], {},
      #"_a-0000e1ae-dd4e-8000-9ba2-011c48011c48_1556143"(
        currentStep: local!currentStep,
        onsiteChecklistData: local!onsiteChecklistData,
        onsiteChecklistProblems: local!onsiteChecklistProblems,
        onsitePreviousData: local!problemAreasData,
        onsitePreviousProblems:local!problemAreasProblems,
        checklistCount: 1,
        isRelatedAction: false
      )
    )
  }
)
</definition>
        <namedTypedValue>
            <name>checklist</name>
            <type>
                <name>CPMS_CaseChecklist</name>
                <namespace>urn:com:appian:types:CPMS</namespace>
            </type>
        </namedTypedValue>
        <namedTypedValue>
            <name>caseMasterView</name>
            <type>
                <name>CPMS_V_CaseMaster</name>
                <namespace>urn:com:appian:types:CPMS</namespace>
            </type>
        </namedTypedValue>
        <preferredEditor>interface</preferredEditor>
        <offlineEnabled>false</offlineEnabled>
    </rule>
    <roleMap public="true">
        <role inherit="true" allowForAll="false" name="readers">
            <users/>
            <groups/>
        </role>
        <role inherit="true" allowForAll="false" name="authors">
            <users/>
            <groups/>
        </role>
        <role inherit="true" allowForAll="false" name="administrators">
            <users/>
            <groups/>
        </role>
        <role inherit="false" allowForAll="false" name="denyReaders">
            <users/>
            <groups/>
        </role>
        <role inherit="false" allowForAll="false" name="denyAuthors">
            <users/>
            <groups/>
        </role>
        <role inherit="false" allowForAll="false" name="denyAdministrators">
            <users/>
            <groups/>
        </role>
    </roleMap>
    <typedValue>
        <type>
            <name>RuleTestConfig?list</name>
            <namespace>http://www.appian.com/ae/types/2009</namespace>
        </type>
        <value>
            <el>
                <a:name/>
                <a:ruleInputTestConfigs>
                    <a:value xmlns:xsi="http://www.w3.org/2001/XMLSchema-instance" xsi:type="a:Expression">#"_a-0000e03d-bea2-8000-9ba2-011c48011c48_416347"(
  constant: #"_a-0000e0db-7f6d-8000-9ba2-011c48011c48_1002683",
  keyField: "caseMasterId",
  keyToMatch: 903,
  secondKeyField: "checklistTypeId",
  secondKeyToMatch: #"_a-0000e0db-7f6d-8000-9ba2-011c48011c48_1003215"[3],
  pagingInfo: #"SYSTEM_SYSRULES_pagingInfo"(1,1)
).data</a:value>
                    <a:nameRef>checklist</a:nameRef>
                    <a:id>1</a:id>
                </a:ruleInputTestConfigs>
                <a:ruleInputTestConfigs>
                    <a:value xmlns:xsi="http://www.w3.org/2001/XMLSchema-instance" xsi:type="a:Expression">#"_a-0000dff3-f116-8000-9ba2-011c48011c48_279683"(
    caseId: 903,
    pagingInfo: #"SYSTEM_SYSRULES_pagingInfo"(1,1)
  ).data</a:value>
                    <a:nameRef>caseMasterView</a:nameRef>
                    <a:id>2</a:id>
                </a:ruleInputTestConfigs>
                <a:assertions xmlns:xsi="http://www.w3.org/2001/XMLSchema-instance" xsi:nil="true"/>
            </el>
        </value>
    </typedValue>
    <history>
        <historyInfo versionUuid="_a-0000e140-13df-8000-9ba2-011c48011c48_1344031"/>
        <historyInfo versionUuid="_a-0000e164-fbec-8000-9ba2-011c48011c48_1399772"/>
        <historyInfo versionUuid="_a-0000e170-e0a2-8000-9ba2-011c48011c48_1455074"/>
        <historyInfo versionUuid="_a-0000e189-e727-8000-9ba2-011c48011c48_1501870"/>
        <historyInfo versionUuid="_a-0000e1ae-dd4e-8000-9ba2-011c48011c48_1540326"/>
        <historyInfo versionUuid="_a-0000e1c1-5f63-8000-9ba2-011c48011c48_1617709"/>
        <historyInfo versionUuid="_a-0000e201-b978-8000-9ba2-011c48011c48_1768747"/>
        <historyInfo versionUuid="_a-0000e21d-9dc3-8000-9ba2-011c48011c48_1810181"/>
        <historyInfo versionUuid="_a-0000e21d-9dc3-8000-9ba2-011c48011c48_1818717"/>
        <historyInfo versionUuid="_a-0000e21d-9dc3-8000-9ba2-011c48011c48_1821576"/>
        <historyInfo versionUuid="_a-0000e21d-9dc3-8000-9ba2-011c48011c48_1825170"/>
        <historyInfo versionUuid="_a-0000e21d-9dc3-8000-9ba2-011c48011c48_1844380"/>
        <historyInfo versionUuid="_a-0000e242-7d55-8000-9ba2-011c48011c48_1870704"/>
        <historyInfo versionUuid="_a-0000e267-6bf8-8000-9ba2-011c48011c48_2051358"/>
        <historyInfo versionUuid="_a-0000e298-3c96-8000-9ba2-011c48011c48_2236530"/>
        <historyInfo versionUuid="_a-0000e298-3c96-8000-9ba2-011c48011c48_2236629"/>
        <historyInfo versionUuid="_a-0000e298-3c6e-8000-9ba2-011c48011c48_1861030"/>
    </history>
</contentHaul>
