<?xml version="1.0" encoding="UTF-8" standalone="yes"?>
<contentHaul xmlns:a="http://www.appian.com/ae/types/2009">
    <versionUuid>_a-0000e267-6bf8-8000-9ba2-011c48011c48_2036853</versionUuid>
    <rule>
        <name>CPMS_QRY_P_GetCaseMasterAssignees</name>
        <uuid>_a-0000e267-6bf8-8000-9ba2-011c48011c48_2001444</uuid>
        <description>Retrieve case master assignees data

CPMS_P_CASE_MASTER _ASSIGNEE</description>
        <parentUuid>_a-0000dfe1-8627-8000-9ba2-011c48011c48_225047</parentUuid>
        <visibility>
            <advertise>false</advertise>
            <hierarchy>true</hierarchy>
            <indexable>true</indexable>
            <quota>false</quota>
            <searchable>true</searchable>
            <system>false</system>
            <unlogged>false</unlogged>
        </visibility>
        <definition>with(
  local!caseMasterAssignees:
  executestoredprocedure(
    dataSourceName: #"_a-0000e062-98df-8000-9ba2-011c48011c48_564867",
    procedureName: #"_a-0000e267-6bf8-8000-9ba2-011c48011c48_2001494",
    inputs: {
      {
        name: "P_CASE_ID",
        value: 822
      },
      {
        name: "P_CONTRACTOR_NAME",
        value: ri!contractorName
      },
      {
        name: "P_DISTRICT",
        value: ri!agencyName
      },
      {
        name: "P_MODIFIED_BY",
        value: ri!lastModifiedBy
      },
      {
        name: "P_PROBLEM_AREA",
        value: ri!problemAreaType
      },
      {
        name: "P_MODIFIED_DT",
        value: ri!lastModifiedFromDate
      },
      {
        name: "P_DAYS_OPEN",
        value: ri!daysOpen
      },
      {
        name: "P_DAYS_IN_STATUS",
        value: ri!daysInStatus
      },
      {
        name: "P_CASE_STATUS",
        value: ri!currentStatus
      },
      {
        name: "P_INV_PROCEDURE",
        value: ri!investigativeProcedureDescription
      },
      {
        name: "P_EVALUATION_TYPE",
        value: ri!evaluationTypeDescription
      },
      {
        name: "P_BEGIN_ROW",
        /*value: ri!pagingInfo.startIndex*/
        value: 1
      },
      {
        name: "P_PAGE_SIZE",
        /*value: ri!pagingInfo.batchSize*/
        value: 10
      },
      {
        name: "P_SORT_BY",
        value: "CASE_MASTER_ID"
      }
    }
  ),
  local!caseMasterAssignees.parameters
  /*a!dataSubset(*/
  /*totalCount: local!caseMasterAssignees.parameters.P_TOTAL_CNT,*/
  /*data: local!caseMasterAssignees.parameters.P_RECORDSET,*/
  /*startIndex: ri!pagingInfo.startIndex,*/
  /*batchSize: ri!pagingInfo.batchSize,*/
  /*sort: ri!pagingInfo.sort,*/
  /*identifiers: property(local!caseMasterAssignees.parameters.P_RECORDSET, "CASE_MASTER_ID", {})*/
  /*)*/
)</definition>
        <namedTypedValue>
            <name>caseMasterId</name>
            <type>
                <name>int</name>
                <namespace>http://www.w3.org/2001/XMLSchema</namespace>
            </type>
        </namedTypedValue>
        <namedTypedValue>
            <name>caseNumber</name>
            <type>
                <name>string</name>
                <namespace>http://www.w3.org/2001/XMLSchema</namespace>
            </type>
            <value/>
        </namedTypedValue>
        <namedTypedValue>
            <name>caseTypeCode</name>
            <type>
                <name>string</name>
                <namespace>http://www.w3.org/2001/XMLSchema</namespace>
            </type>
            <value/>
        </namedTypedValue>
        <namedTypedValue>
            <name>stepTypeCode</name>
            <type>
                <name>Text?list</name>
                <namespace>http://www.appian.com/ae/types/2009</namespace>
            </type>
        </namedTypedValue>
        <namedTypedValue>
            <name>stepCategoryCode</name>
            <type>
                <name>string</name>
                <namespace>http://www.w3.org/2001/XMLSchema</namespace>
            </type>
            <value/>
        </namedTypedValue>
        <namedTypedValue>
            <name>caseTypeDescription</name>
            <type>
                <name>string</name>
                <namespace>http://www.w3.org/2001/XMLSchema</namespace>
            </type>
            <value/>
        </namedTypedValue>
        <namedTypedValue>
            <name>evaluationTypeDescription</name>
            <type>
                <name>string</name>
                <namespace>http://www.w3.org/2001/XMLSchema</namespace>
            </type>
            <value/>
        </namedTypedValue>
        <namedTypedValue>
            <name>investigativeProcedureDescription</name>
            <type>
                <name>string</name>
                <namespace>http://www.w3.org/2001/XMLSchema</namespace>
            </type>
            <value/>
        </namedTypedValue>
        <namedTypedValue>
            <name>problemAreaType</name>
            <type>
                <name>string</name>
                <namespace>http://www.w3.org/2001/XMLSchema</namespace>
            </type>
            <value/>
        </namedTypedValue>
        <namedTypedValue>
            <name>agencyName</name>
            <type>
                <name>Text?list</name>
                <namespace>http://www.appian.com/ae/types/2009</namespace>
            </type>
        </namedTypedValue>
        <namedTypedValue>
            <name>regionName</name>
            <type>
                <name>Text?list</name>
                <namespace>http://www.appian.com/ae/types/2009</namespace>
            </type>
        </namedTypedValue>
        <namedTypedValue>
            <name>contractorName</name>
            <type>
                <name>string</name>
                <namespace>http://www.w3.org/2001/XMLSchema</namespace>
            </type>
            <value/>
        </namedTypedValue>
        <namedTypedValue>
            <name>primaryAssigneeName</name>
            <type>
                <name>string</name>
                <namespace>http://www.w3.org/2001/XMLSchema</namespace>
            </type>
            <value/>
        </namedTypedValue>
        <namedTypedValue>
            <name>primaryAssigneeUsername</name>
            <type>
                <name>string</name>
                <namespace>http://www.w3.org/2001/XMLSchema</namespace>
            </type>
            <value/>
        </namedTypedValue>
        <namedTypedValue>
            <name>isPrimaryAssignee</name>
            <type>
                <name>boolean</name>
                <namespace>http://www.w3.org/2001/XMLSchema</namespace>
            </type>
        </namedTypedValue>
        <namedTypedValue>
            <name>rsolUserName</name>
            <type>
                <name>string</name>
                <namespace>http://www.w3.org/2001/XMLSchema</namespace>
            </type>
            <value/>
        </namedTypedValue>
        <namedTypedValue>
            <name>currentStatus</name>
            <type>
                <name>string</name>
                <namespace>http://www.w3.org/2001/XMLSchema</namespace>
            </type>
            <value/>
        </namedTypedValue>
        <namedTypedValue>
            <name>daysInStatus</name>
            <type>
                <name>int</name>
                <namespace>http://www.w3.org/2001/XMLSchema</namespace>
            </type>
        </namedTypedValue>
        <namedTypedValue>
            <name>fromCurrentStatusDT</name>
            <type>
                <name>dateTime</name>
                <namespace>http://www.w3.org/2001/XMLSchema</namespace>
            </type>
        </namedTypedValue>
        <namedTypedValue>
            <name>toCurrentStatusDT</name>
            <type>
                <name>dateTime</name>
                <namespace>http://www.w3.org/2001/XMLSchema</namespace>
            </type>
        </namedTypedValue>
        <namedTypedValue>
            <name>daysOpen</name>
            <type>
                <name>int</name>
                <namespace>http://www.w3.org/2001/XMLSchema</namespace>
            </type>
        </namedTypedValue>
        <namedTypedValue>
            <name>fromOpenDT</name>
            <type>
                <name>dateTime</name>
                <namespace>http://www.w3.org/2001/XMLSchema</namespace>
            </type>
        </namedTypedValue>
        <namedTypedValue>
            <name>toOpenDT</name>
            <type>
                <name>dateTime</name>
                <namespace>http://www.w3.org/2001/XMLSchema</namespace>
            </type>
        </namedTypedValue>
        <namedTypedValue>
            <name>lastModifiedBy</name>
            <type>
                <name>string</name>
                <namespace>http://www.w3.org/2001/XMLSchema</namespace>
            </type>
            <value/>
        </namedTypedValue>
        <namedTypedValue>
            <name>lastModifiedFromDate</name>
            <type>
                <name>dateTime</name>
                <namespace>http://www.w3.org/2001/XMLSchema</namespace>
            </type>
        </namedTypedValue>
        <namedTypedValue>
            <name>lastModifiedToDate</name>
            <type>
                <name>dateTime</name>
                <namespace>http://www.w3.org/2001/XMLSchema</namespace>
            </type>
        </namedTypedValue>
        <namedTypedValue>
            <name>columnSelection</name>
            <type>
                <name>Text?list</name>
                <namespace>http://www.appian.com/ae/types/2009</namespace>
            </type>
        </namedTypedValue>
        <namedTypedValue>
            <name>pagingInfo</name>
            <type>
                <name>PagingInfo</name>
                <namespace>http://www.appian.com/ae/types/2009</namespace>
            </type>
        </namedTypedValue>
        <namedTypedValue>
            <name>getOnlyClosed</name>
            <type>
                <name>boolean</name>
                <namespace>http://www.w3.org/2001/XMLSchema</namespace>
            </type>
        </namedTypedValue>
        <namedTypedValue>
            <name>isCaseAssociated</name>
            <type>
                <name>boolean</name>
                <namespace>http://www.w3.org/2001/XMLSchema</namespace>
            </type>
        </namedTypedValue>
        <preferredEditor>legacy</preferredEditor>
        <offlineEnabled>false</offlineEnabled>
    </rule>
    <roleMap public="true">
        <role inherit="true" allowForAll="false" name="readers">
            <users/>
            <groups/>
        </role>
        <role inherit="true" allowForAll="false" name="authors">
            <users/>
            <groups/>
        </role>
        <role inherit="true" allowForAll="false" name="administrators">
            <users/>
            <groups/>
        </role>
        <role inherit="false" allowForAll="false" name="denyReaders">
            <users/>
            <groups/>
        </role>
        <role inherit="false" allowForAll="false" name="denyAuthors">
            <users/>
            <groups/>
        </role>
        <role inherit="false" allowForAll="false" name="denyAdministrators">
            <users/>
            <groups/>
        </role>
    </roleMap>
    <history>
        <historyInfo versionUuid="_a-0000e267-6bf8-8000-9ba2-011c48011c48_2036853"/>
    </history>
</contentHaul>
