<?xml version="1.0" encoding="UTF-8" standalone="yes"?>
<contentHaul xmlns:a="http://www.appian.com/ae/types/2009">
    <versionUuid>_a-0000e267-6bf8-8000-9ba2-011c48011c48_2050122</versionUuid>
    <rule>
        <name>CPMS_QRY_P_GetCaseInbox</name>
        <uuid>_a-0000e267-6bf8-8000-9ba2-011c48011c48_2036741</uuid>
        <description>Retrieve case inbox data

CPMS_P_CASE_INBOX</description>
        <parentUuid>_a-0000dfe1-8627-8000-9ba2-011c48011c48_225047</parentUuid>
        <visibility>
            <advertise>false</advertise>
            <hierarchy>true</hierarchy>
            <indexable>true</indexable>
            <quota>false</quota>
            <searchable>true</searchable>
            <system>false</system>
            <unlogged>false</unlogged>
        </visibility>
        <definition>with(
  local!sortDefault:
  #"SYSTEM_SYSRULES_sortInfo"(
    field: "CASE_MASTER_ID",
    ascending: true
  ),
  local!pagingInfo:
  if(#"2168a5de-fb70-4d66-8b97-b547e3ac6e57"(ri!pagingInfo),
    #"SYSTEM_SYSRULES_pagingInfo"(
      startIndex: #"_a-0000e1d3-cf59-8000-9ba2-011c48011c48_1622919"[1],
      batchSize: #"_a-0000e1d3-cf59-8000-9ba2-011c48011c48_1622919"[1],
      sort: local!sortDefault
    ),
    ri!pagingInfo
  ),
  local!isAscending:
  if(#"2168a5de-fb70-4d66-8b97-b547e3ac6e57"(local!pagingInfo.sort), 
    local!sortDefault.ascending,
    local!pagingInfo.sort.ascending
  ),
  local!caseInboxData:
  executestoredprocedure(
    dataSourceName: #"_a-0000e062-98df-8000-9ba2-011c48011c48_564867",
    procedureName: #"_a-0000e267-6bf8-8000-9ba2-011c48011c48_2036781",
    inputs: {
      {
        name: "P_RSOL_USERNAME",
        value: tostring(ri!contractorName)
      },
      {
        name: "P_CASE_ID",
        value: tostring(ri!caseNumber)
      },
      {
        name: "P_CONTRACTOR_NAME",
        value: tostring(ri!contractorName)
      },
      {
        name: "P_CASE_TYPE",
        value: tostring(ri!caseTypeCode)
      },
      {
        name: "P_DISTRICT",
        value: tostring(ri!agencyName)
      },
      {
        name: "P_REGION_NAME",
        value: tostring(ri!regionName)
      },
      {
        name: "P_MODIFIED_BY",
        value: tostring(ri!lastModifiedBy)
      },
      {
        name: "P_PROBLEM_AREA",
        value: tostring(ri!problemAreaType)
      },
      {
        name: "P_MODIFIED_DT",
        value: tostring(ri!lastModifiedDate)
      },
      {
        name: "P_DAYS_OPEN",
        value: tostring(ri!daysOpen)
      },
      {
        name: "P_DAYS_IN_STATUS",
        value: tostring(ri!daysInStatus)
      },
      {
        name: "P_CASE_STATUS",
        value:
        if(ri!getOnlyClosed,
          tostring(#"_a-0000e201-b978-8000-9ba2-011c48011c48_1770939"[17]),
          tostring(ri!currentStatus)
        )
      },
      {
        name: "P_INV_PROCEDURE",
        value: tostring(ri!investigativeProcedureDescription)
      },
      {
        name: "P_EVALUATION_TYPE",
        value: tostring(ri!evaluationTypeDescription)
      },
      {
        name: "P_BEGIN_ROW",
        value: tostring(ri!pagingInfo.startIndex)
      },
      {
        name: "P_PAGE_SIZE",
        value: tostring(ri!pagingInfo.batchSize)
      },
      {
        name: "P_SORT_BY",
        value: 
        if(#"2168a5de-fb70-4d66-8b97-b547e3ac6e57"(local!pagingInfo.sort), 
          local!sortDefault.field,
          tostring(local!pagingInfo.sort.field)
        )
      },
      {
        name: "P_SORT_ORDER",
        value: 
       "ASC"
      }
    }
  ),
  local!caseInboxData
  /*a!dataSubset(*/
    /*startIndex: local!pagingInfo.startIndex,*/
    /*batchSize: local!pagingInfo.batchSize,*/
    /*sort: */
    /*if(rule!AF_RULE_General_isBlank(local!pagingInfo.sort), */
      /*local!sortDefault,*/
      /*local!pagingInfo.sort*/
    /*),*/
    /*totalCount: */
    /*if(rule!AF_RULE_General_isBlank(property(local!caseInboxData.parameters, "P_TOTAL_CNT", 0)),*/
      /*0,*/
      /*local!caseInboxData.parameters.P_TOTAL_CNT*/
    /*),*/
    /*data: local!caseInboxData.parameters.P_RECORDSET,*/
    /*identifiers: tointeger(property(local!caseInboxData.parameters.P_RECORDSET, "CASE_MASTER_ID", {}))*/
  /*)*/
)</definition>
        <namedTypedValue>
            <name>caseMasterId</name>
            <type>
                <name>int</name>
                <namespace>http://www.w3.org/2001/XMLSchema</namespace>
            </type>
        </namedTypedValue>
        <namedTypedValue>
            <name>caseNumber</name>
            <type>
                <name>string</name>
                <namespace>http://www.w3.org/2001/XMLSchema</namespace>
            </type>
            <value/>
        </namedTypedValue>
        <namedTypedValue>
            <name>caseTypeCode</name>
            <type>
                <name>string</name>
                <namespace>http://www.w3.org/2001/XMLSchema</namespace>
            </type>
            <value/>
        </namedTypedValue>
        <namedTypedValue>
            <name>evaluationTypeDescription</name>
            <type>
                <name>string</name>
                <namespace>http://www.w3.org/2001/XMLSchema</namespace>
            </type>
            <value/>
        </namedTypedValue>
        <namedTypedValue>
            <name>investigativeProcedureDescription</name>
            <type>
                <name>string</name>
                <namespace>http://www.w3.org/2001/XMLSchema</namespace>
            </type>
            <value/>
        </namedTypedValue>
        <namedTypedValue>
            <name>problemAreaType</name>
            <type>
                <name>string</name>
                <namespace>http://www.w3.org/2001/XMLSchema</namespace>
            </type>
            <value/>
        </namedTypedValue>
        <namedTypedValue>
            <name>agencyName</name>
            <type>
                <name>Text?list</name>
                <namespace>http://www.appian.com/ae/types/2009</namespace>
            </type>
        </namedTypedValue>
        <namedTypedValue>
            <name>regionName</name>
            <type>
                <name>Text?list</name>
                <namespace>http://www.appian.com/ae/types/2009</namespace>
            </type>
        </namedTypedValue>
        <namedTypedValue>
            <name>contractorName</name>
            <type>
                <name>string</name>
                <namespace>http://www.w3.org/2001/XMLSchema</namespace>
            </type>
            <value/>
        </namedTypedValue>
        <namedTypedValue>
            <name>primaryAssigneeName</name>
            <type>
                <name>string</name>
                <namespace>http://www.w3.org/2001/XMLSchema</namespace>
            </type>
            <value/>
        </namedTypedValue>
        <namedTypedValue>
            <name>primaryAssigneeUsername</name>
            <type>
                <name>string</name>
                <namespace>http://www.w3.org/2001/XMLSchema</namespace>
            </type>
            <value/>
        </namedTypedValue>
        <namedTypedValue>
            <name>rsolUserName</name>
            <type>
                <name>string</name>
                <namespace>http://www.w3.org/2001/XMLSchema</namespace>
            </type>
            <value/>
        </namedTypedValue>
        <namedTypedValue>
            <name>currentStatus</name>
            <type>
                <name>string</name>
                <namespace>http://www.w3.org/2001/XMLSchema</namespace>
            </type>
            <value/>
        </namedTypedValue>
        <namedTypedValue>
            <name>daysInStatus</name>
            <type>
                <name>int</name>
                <namespace>http://www.w3.org/2001/XMLSchema</namespace>
            </type>
        </namedTypedValue>
        <namedTypedValue>
            <name>daysOpen</name>
            <type>
                <name>int</name>
                <namespace>http://www.w3.org/2001/XMLSchema</namespace>
            </type>
        </namedTypedValue>
        <namedTypedValue>
            <name>lastModifiedBy</name>
            <type>
                <name>string</name>
                <namespace>http://www.w3.org/2001/XMLSchema</namespace>
            </type>
            <value/>
        </namedTypedValue>
        <namedTypedValue>
            <name>lastModifiedDate</name>
            <type>
                <name>date</name>
                <namespace>http://www.w3.org/2001/XMLSchema</namespace>
            </type>
        </namedTypedValue>
        <namedTypedValue>
            <name>pagingInfo</name>
            <type>
                <name>PagingInfo</name>
                <namespace>http://www.appian.com/ae/types/2009</namespace>
            </type>
        </namedTypedValue>
        <namedTypedValue>
            <name>getOnlyClosed</name>
            <type>
                <name>boolean</name>
                <namespace>http://www.w3.org/2001/XMLSchema</namespace>
            </type>
        </namedTypedValue>
        <preferredEditor>legacy</preferredEditor>
        <offlineEnabled>false</offlineEnabled>
    </rule>
    <roleMap public="true">
        <role inherit="true" allowForAll="false" name="readers">
            <users/>
            <groups/>
        </role>
        <role inherit="true" allowForAll="false" name="authors">
            <users/>
            <groups/>
        </role>
        <role inherit="true" allowForAll="false" name="administrators">
            <users/>
            <groups/>
        </role>
        <role inherit="false" allowForAll="false" name="denyReaders">
            <users/>
            <groups/>
        </role>
        <role inherit="false" allowForAll="false" name="denyAuthors">
            <users/>
            <groups/>
        </role>
        <role inherit="false" allowForAll="false" name="denyAdministrators">
            <users/>
            <groups/>
        </role>
    </roleMap>
    <history>
        <historyInfo versionUuid="_a-0000e267-6bf8-8000-9ba2-011c48011c48_2050122"/>
    </history>
</contentHaul>
