<?xml version="1.0" encoding="UTF-8" standalone="yes"?>
<contentHaul xmlns:a="http://www.appian.com/ae/types/2009">
    <versionUuid>_a-0000e267-6bf8-8000-9ba2-011c48011c48_2046880</versionUuid>
    <rule>
        <name>CPMS_DSH_CaseInbox_General</name>
        <uuid>_a-0000e189-e727-8000-9ba2-011c48011c48_1479973</uuid>
        <description>General read-only version of Case Inbox dashboard</description>
        <parentUuid>_a-0000dfe1-8627-8000-9ba2-011c48011c48_224997</parentUuid>
        <visibility>
            <advertise>false</advertise>
            <hierarchy>true</hierarchy>
            <indexable>true</indexable>
            <quota>false</quota>
            <searchable>true</searchable>
            <system>false</system>
            <unlogged>false</unlogged>
        </visibility>
        <definition>load(
  local!pagingInfoAll: 
  #"SYSTEM_SYSRULES_pagingInfo"(
    startIndex: #"_a-0000e1d3-cf59-8000-9ba2-011c48011c48_1622919"[1],
    batchSize: #"_a-0000e1d3-cf59-8000-9ba2-011c48011c48_1622919"[2]
  ),
  local!gridSelectionCaseInbox: 
  #"SYSTEM_SYSRULES_gridSelection"(
    pagingInfo: 
    #"SYSTEM_SYSRULES_pagingInfo"(
      startIndex: #"_a-0000e1d3-cf59-8000-9ba2-011c48011c48_1622919"[1],
      batchSize: #"_a-0000e1d3-cf59-8000-9ba2-011c48011c48_1622919"[6],
      sort: 
      #"SYSTEM_SYSRULES_sortInfo"(
        field: "caseId",
        ascending: true
      )
    )
  ),
  local!loggedInUser: loggedInUser(),
  local!isNO: isusermemberofgroup(local!loggedInUser, #"_a-0000e018-d5b4-8000-9ba2-011c48011c48_353598"),
  local!isRSOL: isusermemberofgroup(local!loggedInUser, #"_a-0000e140-13df-8000-9ba2-011c48011c48_1336123"),
  local!currentUserRoles: 
  #"_a-0000dff3-f116-8000-9ba2-011c48011c48_274857"(
    pagingInfo: local!pagingInfoAll,
    userName: local!loggedInUser
  ).data,
  local!currentRegions: property(local!currentUserRoles, "regionName", null),
  local!currentUserRegion: touniformstring(union(local!currentRegions, local!currentRegions)),
  local!currentUserDistrictAreasDuplicates: property(local!currentUserRoles, "districtArea", null),
  local!currentUserDistrictAreas: 
  if(or(
      local!isNO,
      local!isRSOL
    ),
    #"_a-0000dff3-f116-8000-9ba2-011c48011c48_281894"(
      parentOfficeName: local!currentUserRegion,
      pagingInfo: local!pagingInfoAll
    ).data.officeName,
    union(
      local!currentUserDistrictAreasDuplicates,
      local!currentUserDistrictAreasDuplicates
    )
  ),
  local!choicelabels: 
  if(local!isRSOL,
    #"_a-0000dff3-f116-8000-9ba2-011c48011c48_286894"[{1, 2, 3, 6, 7, 8, 9, 10, 11, 12}],
    #"_a-0000dff3-f116-8000-9ba2-011c48011c48_286894"[{1, 2, 3, 4, 6, 7, 8, 9, 10, 11, 12}]
  ),
  local!columnsShown: local!choicelabels,
  local!currentUserRsolUserName: 
  if(local!isRSOL,
    #"_a-0000e1ae-dd4e-8000-9ba2-011c48011c48_1558501"(user: local!loggedInUser), {}
  ),
  local!filterPrimaryAssignee: 
  if(or(
      local!isNO,
      local!isRSOL
    ), "",
    #"_a-0000e1ae-dd4e-8000-9ba2-011c48011c48_1558501"(user: local!loggedInUser)
  ),
  local!showAdvancedFilters: false,
  local!showColumnFilter: false,
  local!daysOpen,
  local!filterLastModified,
  local!filterDaysOpenInt,
  local!daysInStatus,
  local!filterDaysInStatusInt,
  local!filterCurrentStatus,
  local!filterDistrictArea,
  local!filterCaseNumber,
  local!filterCaseType,
  local!filterContractorName,
  local!filterLastModifiedBy,
  local!filterProblemArea,
  local!filterInvestigativeProcedure,
  local!filterEvalType,
  local!filterClosedCases,
  #"SYSTEM_SYSRULES_dashboardLayout_v1"(
    contents: {
      #"_a-0000e180-b032-8000-9ba2-011c48011c48_1470622"(
        gridSelection: local!gridSelectionCaseInbox,
        filterCaseNumber: local!filterCaseNumber,
        filterContractorName: local!filterContractorName,
        filterCaseType: local!filterCaseType,
        availableDistrictAreas: local!currentUserDistrictAreas,
        filterDistrictArea: local!filterDistrictArea,
        filterLastModifiedBy: local!filterLastModifiedBy,
        primaryAssigneeName:local!filterPrimaryAssignee,
        filterPrimaryAssignee: local!filterPrimaryAssignee,
        filterProblemArea: local!filterProblemArea,
        filterLastModified: local!filterLastModified,
        filterDaysOpenInt: local!filterDaysOpenInt,
        daysOpen: local!daysOpen,
        filterDaysInStatusInt: local!filterDaysInStatusInt,
        daysInStatus: local!daysInStatus,
        filterCurrentStatus: local!filterCurrentStatus,
        showAdvancedFilters: local!showAdvancedFilters,
        allowPrimaryPicker: true,
        filterInvestigativeProcedure: local!filterInvestigativeProcedure,
        filterEvalType: local!filterEvalType,
        filterClosedCases: local!filterClosedCases
      ),
      #"SYSTEM_SYSRULES_sectionLayout_v1"(
        label: "Case Inbox",
        contents: {
          with(
            local!dataSubset: 
            #"_a-0000e242-7d55-8000-9ba2-011c48011c48_1873590"(
              caseNumber: local!filterCaseNumber,
              stepTypeCode: local!filterCurrentStatus,
              caseTypeDescription: local!filterCaseType,
              evaluationTypeDescription: local!filterEvalType,
              investigativeProcedureDescription: local!filterInvestigativeProcedure,
              problemAreaType: local!filterProblemArea,
              agencyName:  
              if(#"2168a5de-fb70-4d66-8b97-b547e3ac6e57"(local!filterDistrictArea),
                if(local!isNO,
                  null,
                  local!currentUserDistrictAreas
                ),
                local!filterDistrictArea
              ),
              regionName: local!currentUserRegion,
              contractorName: local!filterContractorName,
              primaryAssigneeName: local!filterPrimaryAssignee,
              rsolUsername: local!currentUserRsolUserName,
              fromCurrentStatusDt: 
              if(#"2168a5de-fb70-4d66-8b97-b547e3ac6e57"(local!daysInStatus), null,
                todatetime(local!daysInStatus &amp; " 12:00 AM")
              ),
              toCurrentStatusDt: 
              if(#"2168a5de-fb70-4d66-8b97-b547e3ac6e57"(local!daysInStatus), null,
                todatetime(local!daysInStatus &amp; " 11:30 PM")
              ),
              fromOpenDt: 
              if(#"2168a5de-fb70-4d66-8b97-b547e3ac6e57"(local!daysOpen), null,
                todatetime(local!daysOpen &amp; " 12:00 AM")
              ),
              toOpenDt: 
              if(#"2168a5de-fb70-4d66-8b97-b547e3ac6e57"(local!daysOpen), null,
                todatetime(local!daysOpen &amp; " 11:30 PM")
              ),
              modifiedBy: local!filterLastModifiedBy,
              fromModifiedDt:
              if(#"2168a5de-fb70-4d66-8b97-b547e3ac6e57"(local!filterLastModified), null,
                todatetime(local!filterLastModified &amp; " 12:00 AM")
              ),
              toModifiedDt: 
              if(#"2168a5de-fb70-4d66-8b97-b547e3ac6e57"(local!filterLastModified), null,
                todatetime(local!filterLastModified &amp; " 11:30 PM")
              ),
              getOnlyClosed: local!filterClosedCases,
              pagingInfo: local!gridSelectionCaseInbox.pagingInfo
            ),
            #"_a-0000e180-b032-8000-9ba2-011c48011c48_1465628"(
              dataSubset: local!dataSubset,
              columnsShown: local!columnsShown,
              gridSelection: local!gridSelectionCaseInbox,
              isNO: local!isNO,
              isReadonly: true
            )
          ),
          #"_a-0000e1d3-cf59-8000-9ba2-011c48011c48_1622836"(
            showColumnFilter: local!showColumnFilter,
            choiceLabels: local!choicelabels,
            columnsShown: local!columnsShown
          )
        }
      )
    }
  )
)</definition>
        <preferredEditor>interface</preferredEditor>
        <offlineEnabled>false</offlineEnabled>
    </rule>
    <roleMap public="true">
        <role inherit="true" allowForAll="false" name="readers">
            <users/>
            <groups/>
        </role>
        <role inherit="true" allowForAll="false" name="authors">
            <users/>
            <groups/>
        </role>
        <role inherit="true" allowForAll="false" name="administrators">
            <users/>
            <groups/>
        </role>
        <role inherit="false" allowForAll="false" name="denyReaders">
            <users/>
            <groups/>
        </role>
        <role inherit="false" allowForAll="false" name="denyAuthors">
            <users/>
            <groups/>
        </role>
        <role inherit="false" allowForAll="false" name="denyAdministrators">
            <users/>
            <groups/>
        </role>
    </roleMap>
    <history>
        <historyInfo versionUuid="_a-0000e189-e727-8000-9ba2-011c48011c48_1489563"/>
        <historyInfo versionUuid="_a-0000e1d3-cf59-8000-9ba2-011c48011c48_1623107"/>
        <historyInfo versionUuid="_a-0000e201-b978-8000-9ba2-011c48011c48_1781236"/>
        <historyInfo versionUuid="_a-0000e21d-9dc3-8000-9ba2-011c48011c48_1793504"/>
        <historyInfo versionUuid="_a-0000e21d-9dc3-8000-9ba2-011c48011c48_1808903"/>
        <historyInfo versionUuid="_a-0000e242-7d55-8000-9ba2-011c48011c48_1878592"/>
        <historyInfo versionUuid="_a-0000e267-6bf8-8000-9ba2-011c48011c48_1910029"/>
        <historyInfo versionUuid="_a-0000e267-6bf8-8000-9ba2-011c48011c48_2046880"/>
    </history>
</contentHaul>
