<?xml version="1.0" encoding="UTF-8" standalone="yes"?>
<contentHaul xmlns:a="http://www.appian.com/ae/types/2009">
    <versionUuid>_a-0000e267-6bf8-8000-9ba2-011c48011c48_2036785</versionUuid>
    <constant>
        <name>CPMS_TEXT_STORED_PROCEDURE_CPMS_P_CASE_INBOX</name>
        <uuid>_a-0000e267-6bf8-8000-9ba2-011c48011c48_2036781</uuid>
        <description>CPMS_P_CASE_INBOX</description>
        <parentUuid>_a-0000e0e9-2531-8000-9ba2-011c48011c48_1095084</parentUuid>
        <visibility>
            <advertise>false</advertise>
            <hierarchy>true</hierarchy>
            <indexable>true</indexable>
            <quota>false</quota>
            <searchable>true</searchable>
            <system>false</system>
            <unlogged>false</unlogged>
        </visibility>
        <typedValue>
            <type>
                <name>string</name>
                <namespace>http://www.w3.org/2001/XMLSchema</namespace>
            </type>
            <value>OFCCP_CPMS.CPMS_P_CASE_INBOX</value>
        </typedValue>
        <isEnvironmentSpecific>false</isEnvironmentSpecific>
    </constant>
    <roleMap public="true">
        <role inherit="true" allowForAll="false" name="readers">
            <users/>
            <groups/>
        </role>
        <role inherit="true" allowForAll="false" name="authors">
            <users/>
            <groups/>
        </role>
        <role inherit="true" allowForAll="false" name="administrators">
            <users>
                <userUuid>bui.johnson.h@dol.gov</userUuid>
            </users>
            <groups/>
        </role>
        <role inherit="false" allowForAll="false" name="denyReaders">
            <users/>
            <groups/>
        </role>
        <role inherit="false" allowForAll="false" name="denyAuthors">
            <users/>
            <groups/>
        </role>
        <role inherit="false" allowForAll="false" name="denyAdministrators">
            <users/>
            <groups/>
        </role>
    </roleMap>
    <history>
        <historyInfo versionUuid="_a-0000e267-6bf8-8000-9ba2-011c48011c48_2036785"/>
    </history>
</contentHaul>
