<?xml version="1.0" encoding="UTF-8" standalone="yes"?>
<contentHaul xmlns:a="http://www.appian.com/ae/types/2009">
    <versionUuid>_a-0000e267-6bf8-8000-9ba2-011c48011c48_1988137</versionUuid>
    <rule>
        <name>CPMS_SCT_Sharepoint_SelectTemplate</name>
        <uuid>_a-0000e0ac-6ca0-8000-9ba2-011c48011c48_864475</uuid>
        <description>Allows filtering of available templates and selection of a single template</description>
        <parentUuid>_a-0000dfe1-8627-8000-9ba2-011c48011c48_225027</parentUuid>
        <visibility>
            <advertise>false</advertise>
            <hierarchy>true</hierarchy>
            <indexable>true</indexable>
            <quota>false</quota>
            <searchable>true</searchable>
            <system>false</system>
            <unlogged>false</unlogged>
        </visibility>
        <definition>if(ri!showWhen &lt;&gt; false, 
  load(
    local!gridSelectionDefault:
    #"SYSTEM_SYSRULES_gridSelection"(
      pagingInfo: 
      #"SYSTEM_SYSRULES_pagingInfo"(
        startIndex: #"_a-0000e1d3-cf59-8000-9ba2-011c48011c48_1622919"[1],
        batchSize: #"_a-0000e1d3-cf59-8000-9ba2-011c48011c48_1622919"[4],
        sort: 
        #"SYSTEM_SYSRULES_sortInfo"(
          field: "docName",
          ascending: true
        )
      )
    ),
    local!templates: 
    #"_a-0000e099-edda-8000-9ba2-011c48011c48_741624"(
      relativePathToFolder: #"_a-0000e087-8180-8000-9ba2-011c48011c48_656328"
    ),
    local!subContentTypes: #"_a-0000e140-13df-8000-9ba2-011c48011c48_1377639",
    #"SYSTEM_SYSRULES_sectionLayout_v1"(
      label: "Generate Document From Template",
      divider: "ABOVE",
      contents: {
        #"SYSTEM_SYSRULES_richTextDisplayField"(labelPosition: "COLLAPSED", value: "Select a template to continue"),
        #"SYSTEM_SYSRULES_sideBySideLayout"(
          items: {
            #"_a-0000e267-6bf8-8000-9ba2-011c48011c48_1987280"(
              placeholderContentType: "Filter Content Type",
              placeholderSubContentType: "Filter Sub-Content Type",
              contentType: ri!filterContentType,
              subContentType: ri!filterSubContentType,
              additionalSaveIntoContentType: a!save(ri!gridSelectionTemplate, local!gridSelectionDefault),
              additionalSaveIntoSubContentType: a!save(ri!gridSelectionTemplate, local!gridSelectionDefault),
              hideLabel: true,
              labelPosition: "COLLAPSED",
              sideBySideWidth: "2X"
            ),
            #"SYSTEM_SYSRULES_sideBySideItem"(width: "5X"),
            #"SYSTEM_SYSRULES_sideBySideItem"(
              width: "2X",
              item: 
              #"SYSTEM_SYSRULES_textField"(
                placeholder: "Search Template Fields",
                labelPosition: "COLLAPSED",
                refreshAfter: "KEYPRESS",
                value: ri!filterText,
                saveInto: {
                  ri!filterText,
                  a!save(ri!gridSelectionTemplate, local!gridSelectionDefault)
                }
              )
            )
          }
        ),
        #"_a-0000e099-edda-8000-9ba2-011c48011c48_742571"(
          docTuples: local!templates,
          gridSelection: ri!gridSelectionTemplate,
          selectedTemplateName: ri!selectedTemplateName,
          selectedTemplateMetadata: ri!selectedTemplateMetadata,
          filterText: ri!filterText,
          filterContentType: ri!filterContentType,
          filterSubContentType: ri!filterSubContentType
        )
      }
    )
  ), {}
)</definition>
        <namedTypedValue>
            <name>gridSelectionTemplate</name>
            <type>
                <name>GridSelection</name>
                <namespace>http://www.appian.com/ae/types/2009</namespace>
            </type>
        </namedTypedValue>
        <namedTypedValue>
            <name>selectedTemplateName</name>
            <type>
                <name>string</name>
                <namespace>http://www.w3.org/2001/XMLSchema</namespace>
            </type>
            <value/>
        </namedTypedValue>
        <namedTypedValue>
            <name>showWhen</name>
            <type>
                <name>boolean</name>
                <namespace>http://www.w3.org/2001/XMLSchema</namespace>
            </type>
        </namedTypedValue>
        <namedTypedValue>
            <name>filterText</name>
            <type>
                <name>string</name>
                <namespace>http://www.w3.org/2001/XMLSchema</namespace>
            </type>
            <value/>
        </namedTypedValue>
        <namedTypedValue>
            <name>filterContentType</name>
            <type>
                <name>string</name>
                <namespace>http://www.w3.org/2001/XMLSchema</namespace>
            </type>
            <value/>
        </namedTypedValue>
        <namedTypedValue>
            <name>filterSubContentType</name>
            <type>
                <name>string</name>
                <namespace>http://www.w3.org/2001/XMLSchema</namespace>
            </type>
            <value/>
        </namedTypedValue>
        <namedTypedValue>
            <name>selectedTemplateMetadata</name>
            <type>
                <name>string</name>
                <namespace>http://www.w3.org/2001/XMLSchema</namespace>
            </type>
            <value/>
        </namedTypedValue>
        <preferredEditor>interface</preferredEditor>
        <offlineEnabled>false</offlineEnabled>
    </rule>
    <roleMap public="true">
        <role inherit="true" allowForAll="false" name="readers">
            <users/>
            <groups/>
        </role>
        <role inherit="true" allowForAll="false" name="authors">
            <users/>
            <groups/>
        </role>
        <role inherit="true" allowForAll="false" name="administrators">
            <users/>
            <groups/>
        </role>
        <role inherit="false" allowForAll="false" name="denyReaders">
            <users/>
            <groups/>
        </role>
        <role inherit="false" allowForAll="false" name="denyAuthors">
            <users/>
            <groups/>
        </role>
        <role inherit="false" allowForAll="false" name="denyAdministrators">
            <users/>
            <groups/>
        </role>
    </roleMap>
    <typedValue>
        <type>
            <name>RuleTestConfig?list</name>
            <namespace>http://www.appian.com/ae/types/2009</namespace>
        </type>
        <value>
            <el>
                <a:name/>
                <a:ruleInputTestConfigs>
                    <a:value xmlns:xsi="http://www.w3.org/2001/XMLSchema-instance" xsi:type="a:Expression">#"SYSTEM_SYSRULES_gridSelection"(
    pagingInfo: 
    #"SYSTEM_SYSRULES_pagingInfo"(
      startIndex: #"_a-0000e03d-bea2-8000-9ba2-011c48011c48_414676",
      batchSize: #"_a-0000dd4b-0482-8000-9ba2-011c48011c48_18352",
      sort: 
      #"SYSTEM_SYSRULES_sortInfo"(
        field: "docName",
        ascending: true
      )
    )
  )</a:value>
                    <a:nameRef>gridSelectionTemplate</a:nameRef>
                    <a:id>1</a:id>
                </a:ruleInputTestConfigs>
                <a:ruleInputTestConfigs>
                    <a:value xmlns:xsd="http://www.w3.org/2001/XMLSchema" xmlns:xsi="http://www.w3.org/2001/XMLSchema-instance" xsi:type="xsd:string"/>
                    <a:nameRef>selectedTemplateName</a:nameRef>
                    <a:id>2</a:id>
                </a:ruleInputTestConfigs>
                <a:ruleInputTestConfigs>
                    <a:value xmlns:xsd="http://www.w3.org/2001/XMLSchema" xmlns:xsi="http://www.w3.org/2001/XMLSchema-instance" xsi:nil="true" xsi:type="xsd:boolean"/>
                    <a:nameRef>showWhen</a:nameRef>
                    <a:id>3</a:id>
                </a:ruleInputTestConfigs>
                <a:ruleInputTestConfigs>
                    <a:value xmlns:xsd="http://www.w3.org/2001/XMLSchema" xmlns:xsi="http://www.w3.org/2001/XMLSchema-instance" xsi:type="xsd:string"/>
                    <a:nameRef>filterText</a:nameRef>
                    <a:id>4</a:id>
                </a:ruleInputTestConfigs>
                <a:ruleInputTestConfigs>
                    <a:value xmlns:xsd="http://www.w3.org/2001/XMLSchema" xmlns:xsi="http://www.w3.org/2001/XMLSchema-instance" xsi:type="xsd:string"/>
                    <a:nameRef>filterContentType</a:nameRef>
                    <a:id>5</a:id>
                </a:ruleInputTestConfigs>
                <a:ruleInputTestConfigs>
                    <a:value xmlns:xsd="http://www.w3.org/2001/XMLSchema" xmlns:xsi="http://www.w3.org/2001/XMLSchema-instance" xsi:type="xsd:string"/>
                    <a:nameRef>filterSubContentType</a:nameRef>
                    <a:id>6</a:id>
                </a:ruleInputTestConfigs>
                <a:ruleInputTestConfigs>
                    <a:value xmlns:xsd="http://www.w3.org/2001/XMLSchema" xmlns:xsi="http://www.w3.org/2001/XMLSchema-instance" xsi:type="xsd:string"/>
                    <a:nameRef>selectedTemplateMetadata</a:nameRef>
                    <a:id>7</a:id>
                </a:ruleInputTestConfigs>
                <a:assertions xmlns:xsi="http://www.w3.org/2001/XMLSchema-instance" xsi:nil="true"/>
            </el>
        </value>
    </typedValue>
    <history>
        <historyInfo versionUuid="_a-0000e0ac-6ca0-8000-9ba2-011c48011c48_864531"/>
        <historyInfo versionUuid="_a-0000e164-fbec-8000-9ba2-011c48011c48_1401544"/>
        <historyInfo versionUuid="_a-0000e164-fbec-8000-9ba2-011c48011c48_1420810"/>
        <historyInfo versionUuid="_a-0000e170-e0a2-8000-9ba2-011c48011c48_1428228"/>
        <historyInfo versionUuid="_a-0000e180-b032-8000-9ba2-011c48011c48_1460453"/>
        <historyInfo versionUuid="_a-0000e180-b032-8000-9ba2-011c48011c48_1462183"/>
        <historyInfo versionUuid="_a-0000e201-b978-8000-9ba2-011c48011c48_1763171"/>
        <historyInfo versionUuid="_a-0000e201-b978-8000-9ba2-011c48011c48_1763371"/>
        <historyInfo versionUuid="_a-0000e201-b978-8000-9ba2-011c48011c48_1775095"/>
        <historyInfo versionUuid="_a-0000e21d-9dc3-8000-9ba2-011c48011c48_1827960"/>
        <historyInfo versionUuid="_a-0000e21d-9dc3-8000-9ba2-011c48011c48_1847278"/>
        <historyInfo versionUuid="_a-0000e267-6bf8-8000-9ba2-011c48011c48_1988137"/>
    </history>
</contentHaul>
