<?xml version="1.0" encoding="UTF-8" standalone="yes"?>
<contentHaul xmlns:a="http://www.appian.com/ae/types/2009">
    <versionUuid>_a-0000e267-6bf8-8000-9ba2-011c48011c48_2079968</versionUuid>
    <rule>
        <name>CPMS_RULE_Saves_ChecklistDropdown</name>
        <uuid>_a-0000e201-b978-8000-9ba2-011c48011c48_1771306</uuid>
        <description>Checklist Dropdown Saves</description>
        <parentUuid>_a-0000e201-b978-8000-9ba2-011c48011c48_1766802</parentUuid>
        <visibility>
            <advertise>false</advertise>
            <hierarchy>true</hierarchy>
            <indexable>true</indexable>
            <quota>false</quota>
            <searchable>true</searchable>
            <system>false</system>
            <unlogged>false</unlogged>
        </visibility>
        <definition>/*Note that coming into the checklist*/
/*You'll only consistently have access to:*/
/*Case Master View, Checklist, Checklist Details, Steps CDTs*/
/*KEEP THIS IN MIND when developing checklist saves*/
choose(
  /*Test Code for Checklist Input:*/
  /*{checklistTypeId: cons!CPMS_INT_CASE_CHECKLIST_TYPE[1]}*/
  wherecontains(ri!checklist.checklistTypeId, #"_a-0000e0db-7f6d-8000-9ba2-011c48011c48_1003215"),
  /*1) Desk Audit (268) */
  null,
  /*2) Pre-Onsite (271) */
  null,
  /*3) Onsite (272) */
  {
    a!save(ri!checklistSteps,
      #"_a-0000e164-fbec-8000-9ba2-011c48011c48_1398740"(
        checklistTypeId: ri!checklist.checklistTypeId,
        checklistCount: ri!checklistCount,
        caseMasterView: ri!caseMasterView
      )
    ),
    if(ri!checklistCount &gt; 1, {},
        choose(
          1,
          /*1) Supply &amp; Service Evaluation (SS CE) */
          #"_a-0000e21d-9dc3-8000-9ba2-011c48011c48_1807185"(
            caseMasterView: ri!caseMasterView,
            checklist: ri!checklist,
            onsiteChecklistData: ri!onsiteChecklistData,
            onsiteChecklistProblems: ri!onsiteChecklistProblems,
            onsiteProblemAreaData: ri!onsiteProblemAreaData,
            onsiteProblemAreaProblems: ri!onsiteProblemAreaProblems,
            onsiteChecklistQuestions: ri!onsiteChecklistQuestions
          ),
          /*2) Construction Evaluation (C CE) */
          #"_a-0000e21d-9dc3-8000-9ba2-011c48011c48_1807185"(
            caseMasterView: ri!caseMasterView,
            checklist: ri!checklist,
            onsiteChecklistData: ri!onsiteChecklistData,
            onsiteChecklistProblems: ri!onsiteChecklistProblems,
            onsiteProblemAreaData: ri!onsiteProblemAreaData,
            onsiteProblemAreaProblems: ri!onsiteProblemAreaProblems,
            onsiteChecklistQuestions: ri!onsiteChecklistQuestions,
            onsiteChecklistHeader: ri!onsiteChecklistHeader,
            getHeader: true
          ),
          /*3) Complaint Investigation (CI) */
          #"_a-0000e267-6bf8-8000-9ba2-011c48011c48_2022399"(
            caseMasterView: ri!caseMasterView,
            checklist: ri!checklist,
            onsiteChecklistData: ri!onsiteChecklistData,
            onsiteChecklistProblems: ri!onsiteChecklistProblems,
            onsiteProblemAreaData: ri!onsiteProblemAreaData,
            onsiteProblemAreaProblems: ri!onsiteProblemAreaProblems
          ),
          /*4) Preaward Evaluation (PAE) */
          #"_a-0000e21d-9dc3-8000-9ba2-011c48011c48_1807185"(
            caseMasterView: ri!caseMasterView,
            checklist: ri!checklist,
            onsiteChecklistData: ri!onsiteChecklistData,
            onsiteChecklistProblems: ri!onsiteChecklistProblems,
            onsiteProblemAreaData: ri!onsiteProblemAreaData,
            onsiteProblemAreaProblems: ri!onsiteProblemAreaProblems,
            onsiteChecklistQuestions: ri!onsiteChecklistQuestions
          )
        )
      /*)*/
    )
  },
  /*4) Offsite (290) */
  {
    a!save(ri!offsiteChecklistData, 
      #"_a-0000e03d-bea2-8000-9ba2-011c48011c48_416347"(
        constant: #"_a-0000e11b-2acc-8000-9ba2-011c48011c48_1223647",
        keyField: "caseChecklistId",
        keyToMatch: ri!checklist.caseChecklistId,
        pagingInfo: 
        #"SYSTEM_SYSRULES_pagingInfo"(
          startIndex: #"_a-0000e1d3-cf59-8000-9ba2-011c48011c48_1622919"[1],
          batchSize: #"_a-0000e1d3-cf59-8000-9ba2-011c48011c48_1622919"[1]
        )
      ).data
    ),
    a!save(ri!offsiteChecklistProblems,
      #"_a-0000e189-e727-8000-9ba2-011c48011c48_1518442"(
        caseMasterId: ri!caseMasterView.caseId,
        offsiteChecklistId: ri!checklist.caseChecklistId,
        isInitial: false
      )
    )
  },
  /*5) Conciliation (330) */
  null,
  /*6) Pre-Enforcement (337) */
  null,
  /*7) Compliance Check Records Review (399) */
  {
    a!save(ri!comments,
      with(
        local!userFunctionId:
        index(#"_a-0000e11b-2acc-8000-9ba2-011c48011c48_1235354"(
          username: loggedInUser(),
          agencyOfficeId: ri!caseMasterView.agencyOfficeId
        ), 1, {}),
        local!comments:
        #"_a-0000e03d-bea2-8000-9ba2-011c48011c48_416347"(
          constant: #"_a-0000e0d1-599e-8000-9ba2-011c48011c48_956686",
          keyField: "caseMasterId",
          keyToMatch: ri!checklist.caseMasterId,
          secondKeyField: "userFunctionId",
          secondKeyToMatch: local!userFunctionId,
          thirdKeyField: "commentTypeId",
          thirdKeyToMatch: #"_a-0000e0d1-599e-8000-9ba2-011c48011c48_956000"[7]
        ),
        if(#"2168a5de-fb70-4d66-8b97-b547e3ac6e57"(local!comments),
          #"_a-0000e0d1-599e-8000-9ba2-011c48011c48_955782"(
            caseMasterId: ri!checklist.caseMasterId,
            userFunctionId: local!userFunctionId,
            commentTypeId: #"_a-0000e0d1-599e-8000-9ba2-011c48011c48_956000"[7]
          ),
          local!comments
        )
      )
    )
  },
  /*8) Pre-Review Preparation (398) */
  null,
  /*9) Complaint Investigation Perfection (400) */
  null
)</definition>
        <namedTypedValue>
            <name>caseMasterView</name>
            <type>
                <name>CPMS_V_CaseMaster</name>
                <namespace>urn:com:appian:types:CPMS</namespace>
            </type>
        </namedTypedValue>
        <namedTypedValue>
            <name>checklist</name>
            <type>
                <name>CPMS_CaseChecklist</name>
                <namespace>urn:com:appian:types:CPMS</namespace>
            </type>
        </namedTypedValue>
        <namedTypedValue>
            <name>checklistDetails</name>
            <type>
                <name>CPMS_CaseChecklistDetail?list</name>
                <namespace>urn:com:appian:types:CPMS</namespace>
            </type>
        </namedTypedValue>
        <namedTypedValue>
            <name>checklistSteps</name>
            <type>
                <name>Text?list</name>
                <namespace>http://www.appian.com/ae/types/2009</namespace>
            </type>
        </namedTypedValue>
        <namedTypedValue>
            <name>checklistCount</name>
            <type>
                <name>int</name>
                <namespace>http://www.w3.org/2001/XMLSchema</namespace>
            </type>
        </namedTypedValue>
        <namedTypedValue>
            <name>comments</name>
            <type>
                <name>CPMS_CaseComment?list</name>
                <namespace>urn:com:appian:types:CPMS</namespace>
            </type>
        </namedTypedValue>
        <namedTypedValue>
            <name>onsiteChecklistData</name>
            <type>
                <name>CPMS_OnsiteChecklistData?list</name>
                <namespace>urn:com:appian:types:CPMS</namespace>
            </type>
        </namedTypedValue>
        <namedTypedValue>
            <name>onsiteChecklistProblems</name>
            <type>
                <name>CPMS_OnsiteChecklistProblem?list</name>
                <namespace>urn:com:appian:types:CPMS</namespace>
            </type>
        </namedTypedValue>
        <namedTypedValue>
            <name>onsiteProblemAreaData</name>
            <type>
                <name>CPMS_OnsiteChecklistData?list</name>
                <namespace>urn:com:appian:types:CPMS</namespace>
            </type>
        </namedTypedValue>
        <namedTypedValue>
            <name>onsiteProblemAreaProblems</name>
            <type>
                <name>CPMS_OnsiteChecklistProblem?list</name>
                <namespace>urn:com:appian:types:CPMS</namespace>
            </type>
        </namedTypedValue>
        <namedTypedValue>
            <name>onsiteChecklistQuestions</name>
            <type>
                <name>CPMS_R_OnsiteQuestions?list</name>
                <namespace>urn:com:appian:types:CPMS</namespace>
            </type>
        </namedTypedValue>
        <namedTypedValue>
            <name>onsiteChecklistHeader</name>
            <type>
                <name>CPMS_OnsiteChecklistCEHeader</name>
                <namespace>urn:com:appian:types:CPMS</namespace>
            </type>
        </namedTypedValue>
        <namedTypedValue>
            <name>offsiteChecklistData</name>
            <type>
                <name>CPMS_OffsiteChecklistData</name>
                <namespace>urn:com:appian:types:CPMS</namespace>
            </type>
        </namedTypedValue>
        <namedTypedValue>
            <name>offsiteChecklistProblems</name>
            <type>
                <name>CPMS_OffsiteChecklistProblem?list</name>
                <namespace>urn:com:appian:types:CPMS</namespace>
            </type>
        </namedTypedValue>
        <preferredEditor>legacy</preferredEditor>
        <offlineEnabled>false</offlineEnabled>
    </rule>
    <roleMap public="true">
        <role inherit="true" allowForAll="false" name="readers">
            <users/>
            <groups/>
        </role>
        <role inherit="true" allowForAll="false" name="authors">
            <users/>
            <groups/>
        </role>
        <role inherit="true" allowForAll="false" name="administrators">
            <users/>
            <groups/>
        </role>
        <role inherit="false" allowForAll="false" name="denyReaders">
            <users/>
            <groups/>
        </role>
        <role inherit="false" allowForAll="false" name="denyAuthors">
            <users/>
            <groups/>
        </role>
        <role inherit="false" allowForAll="false" name="denyAdministrators">
            <users/>
            <groups/>
        </role>
    </roleMap>
    <history>
        <historyInfo versionUuid="_a-0000e201-b978-8000-9ba2-011c48011c48_1778011"/>
        <historyInfo versionUuid="_a-0000e21d-9dc3-8000-9ba2-011c48011c48_1803238"/>
        <historyInfo versionUuid="_a-0000e21d-9dc3-8000-9ba2-011c48011c48_1803943"/>
        <historyInfo versionUuid="_a-0000e21d-9dc3-8000-9ba2-011c48011c48_1811530"/>
        <historyInfo versionUuid="_a-0000e21d-9dc3-8000-9ba2-011c48011c48_1816693"/>
        <historyInfo versionUuid="_a-0000e21d-9dc3-8000-9ba2-011c48011c48_1846391"/>
        <historyInfo versionUuid="_a-0000e267-6bf8-8000-9ba2-011c48011c48_2065447"/>
        <historyInfo versionUuid="_a-0000e267-6bf8-8000-9ba2-011c48011c48_2079968"/>
        <historyInfo versionUuid="_a-0000e28c-4fbf-8000-9ba2-011c48011c48_2219436"/>
    </history>
</contentHaul>
