<?xml version="1.0" encoding="UTF-8" standalone="yes"?>
<contentHaul xmlns:a="http://www.appian.com/ae/types/2009">
    <versionUuid>_a-0000e28c-4fbf-8000-9ba2-011c48011c48_2228492</versionUuid>
    <rule>
        <name>CPMS_RULE_GetDateTime</name>
        <uuid>_a-0000e111-f254-8000-9ba2-011c48011c48_1197497</uuid>
        <description>Give a date and it will return a date time where time is the current time</description>
        <parentUuid>_a-0000dfe1-8627-8000-9ba2-011c48011c48_224962</parentUuid>
        <visibility>
            <advertise>false</advertise>
            <hierarchy>true</hierarchy>
            <indexable>true</indexable>
            <quota>false</quota>
            <searchable>true</searchable>
            <system>false</system>
            <unlogged>false</unlogged>
        </visibility>
        <definition>if(#"2168a5de-fb70-4d66-8b97-b547e3ac6e57"(ri!date), null,
  load(
    local!time: 
    local(
      now(), 
      usertimezone(
        if(#"2168a5de-fb70-4d66-8b97-b547e3ac6e57"(ri!optionalInitiator), 
          loggedInUser(), 
          ri!optionalInitiator
        )
      )
    ),
    /*gmt(*/
      /*local!time,*/
      /*usertimezone(*/
        /*if(rule!AF_RULE_General_isBlank(ri!optionalInitiator), */
        /*loggedInUser(), */
        /*ri!optionalInitiator*/
        /*)*/
      /*)*/
    /*)*/
    if(ri!isProcessModel,
      datetime(
        year(ri!date),
        month(ri!date),
        day(ri!date),
        hour(local!time),
        minute(local!time),
        second(local!time)
      ),
      userdatetime(
        year(ri!date),
        month(ri!date),
        day(ri!date),
        hour(local!time),
        minute(local!time),
        second(local!time)
      )
    )
  )
)</definition>
        <namedTypedValue>
            <name>date</name>
            <type>
                <name>date</name>
                <namespace>http://www.w3.org/2001/XMLSchema</namespace>
            </type>
        </namedTypedValue>
        <namedTypedValue>
            <name>optionalInitiator</name>
            <type>
                <name>string</name>
                <namespace>http://www.w3.org/2001/XMLSchema</namespace>
            </type>
            <value/>
        </namedTypedValue>
        <namedTypedValue>
            <name>isProcessModel</name>
            <type>
                <name>boolean</name>
                <namespace>http://www.w3.org/2001/XMLSchema</namespace>
            </type>
        </namedTypedValue>
        <preferredEditor>legacy</preferredEditor>
        <offlineEnabled>false</offlineEnabled>
    </rule>
    <roleMap public="true">
        <role inherit="true" allowForAll="false" name="readers">
            <users/>
            <groups/>
        </role>
        <role inherit="true" allowForAll="false" name="authors">
            <users/>
            <groups/>
        </role>
        <role inherit="true" allowForAll="false" name="administrators">
            <users/>
            <groups/>
        </role>
        <role inherit="false" allowForAll="false" name="denyReaders">
            <users/>
            <groups/>
        </role>
        <role inherit="false" allowForAll="false" name="denyAuthors">
            <users/>
            <groups/>
        </role>
        <role inherit="false" allowForAll="false" name="denyAdministrators">
            <users/>
            <groups/>
        </role>
    </roleMap>
    <history>
        <historyInfo versionUuid="_a-0000e11b-2acc-8000-9ba2-011c48011c48_1216706"/>
        <historyInfo versionUuid="_a-0000e164-fbec-8000-9ba2-011c48011c48_1394413"/>
        <historyInfo versionUuid="_a-0000e180-b032-8000-9ba2-011c48011c48_1471307"/>
        <historyInfo versionUuid="_a-0000e267-6bf8-8000-9ba2-011c48011c48_1965468"/>
        <historyInfo versionUuid="_a-0000e28c-4fbf-8000-9ba2-011c48011c48_2228492"/>
    </history>
</contentHaul>
