<?xml version="1.0" encoding="UTF-8" standalone="yes"?>
<contentHaul xmlns:a="http://www.appian.com/ae/types/2009">
    <versionUuid>_a-0000e267-6bf8-8000-9ba2-011c48011c48_2023073</versionUuid>
    <rule>
        <name>CPMS_RULE_CI_Onsite_GenerateChecklistHelper</name>
        <uuid>_a-0000e242-7d55-8000-9ba2-011c48011c48_1857609</uuid>
        <description>Onsite Checklist Saves</description>
        <parentUuid>_a-0000e201-b978-8000-9ba2-011c48011c48_1766802</parentUuid>
        <visibility>
            <advertise>false</advertise>
            <hierarchy>true</hierarchy>
            <indexable>true</indexable>
            <quota>false</quota>
            <searchable>true</searchable>
            <system>false</system>
            <unlogged>false</unlogged>
        </visibility>
        <definition>with(
  local!checklistDataExisting: 
  #"_a-0000e0f6-48b1-8000-9ba2-011c48011c48_1104800"(  
    onsiteChecklistId: ri!checklist.caseChecklistId, 
    pagingInfo: 
    #"SYSTEM_SYSRULES_pagingInfo"(
      startIndex: #"_a-0000e1d3-cf59-8000-9ba2-011c48011c48_1622919"[1],
      batchSize: #"_a-0000e1d3-cf59-8000-9ba2-011c48011c48_1622919"[2],
      sort: 
      #"SYSTEM_SYSRULES_sortInfo"(
        field: "dataFieldId",
        ascending: true
      )
    )
  ).data,
  local!checklistProblemsExisting: 
  #"_a-0000e0f6-48b1-8000-9ba2-011c48011c48_1105962"(  
    onsiteChecklistDataId: local!checklistDataExisting.onsiteChecklistDataId, 
    pagingInfo: 
    #"SYSTEM_SYSRULES_pagingInfo"(
      startIndex: #"_a-0000e1d3-cf59-8000-9ba2-011c48011c48_1622919"[1],
      batchSize: #"_a-0000e1d3-cf59-8000-9ba2-011c48011c48_1622919"[2],
      sort: 
      #"SYSTEM_SYSRULES_sortInfo"(
        field: "onsiteChecklistDataId",
        ascending: true
      )
    )
  ).data,
  /*Get All Problem Areas that are marked as isOnsite = true &amp; isResolved = false*/
  local!caseViolationsAll:
  if(ri!checklist.isCompleted, {},
    #"_a-0000e018-d5b4-8000-9ba2-011c48011c48_347307"(
      caseMasterId: ri!caseMasterView.caseId,
      isOnsite: true,
      isResolved: false,
      pagingInfo: 
      #"SYSTEM_SYSRULES_pagingInfo"(
        startIndex: #"_a-0000e1d3-cf59-8000-9ba2-011c48011c48_1622919"[1],
        batchSize: #"_a-0000e1d3-cf59-8000-9ba2-011c48011c48_1622919"[2]
      )
    ).data
  ),
  
  /*Map the new ones over to Onsite Data*/
  local!caseViolationsToAdd: 
  if(#"2168a5de-fb70-4d66-8b97-b547e3ac6e57"(local!caseViolationsAll), {},
    local!caseViolationsAll[
      wherecontains(
        /*Retain only new Case Violations*/
        difference(
          tointeger(property(local!caseViolationsAll, "caseViolationId", {})),
          tointeger(property(local!checklistDataExisting, "violationId", {}))
        ), 
        tointeger(property(local!caseViolationsAll, "violationId", {}))
      )
    ]
  ),
  local!caseViolationDataNew:
  if(#"2168a5de-fb70-4d66-8b97-b547e3ac6e57"(local!caseViolationsToAdd), {},
    cast('type!{urn:com:appian:types:CPMS}CPMS_OnsiteChecklistData?list',      
      #"SYSTEM_SYSRULES_forEach"(        
        items: local!caseViolationsToAdd,        
        expression:         
        #"_a-0000e0f6-48b1-8000-9ba2-011c48011c48_1108158"(          
          title: fv!item.citationShortDescription,          
          isViolation: fv!item.isViolation,          
          citationId: fv!item.citationId,          
          onsiteChecklistId: ri!checklist.caseChecklistId,          
          violationId: fv!item.caseViolationId,          
          isOnsite: true,
          isResolved: fv!item.isResolved,
          protectedBasis: fv!item.protectedBasisId
        )      
      )    
    )
  ),
  local!caseViolationProblemsNew:
  if(#"2168a5de-fb70-4d66-8b97-b547e3ac6e57"(local!caseViolationsToAdd), {},  
    cast('type!{urn:com:appian:types:CPMS}CPMS_OnsiteChecklistProblem?list',    
      #"SYSTEM_SYSRULES_forEach"(      
        items: local!caseViolationsToAdd,      
        expression:       
        #"_a-0000e0f6-48b1-8000-9ba2-011c48011c48_1106084"(        
          isOnsite: true,    
          typeOfProblem: 
          if(tostring(fv!item.problemAreaType) = #"_a-0000e1c1-5f63-8000-9ba2-011c48011c48_1578500"[1],
            #"_a-0000e242-7d55-8000-9ba2-011c48011c48_1856545"[1],
            #"_a-0000e242-7d55-8000-9ba2-011c48011c48_1856545"[2]
          ),
          problem: fv!item.problem,        
          actionTaken: fv!item.actionTaken,        
          findings: fv!item.findings,        
          resolutions: fv!item.resolution      
        )    
      )  
    )
  ),
  
  /*Combine lists*/
  local!checklistDataAll: append(local!checklistDataExisting, local!caseViolationDataNew),
  local!checklistProblemsAll: append(local!checklistProblemsExisting, local!caseViolationProblemsNew),
  
  /*Mark indexes where Allegation type*/
  local!indexesWhereAllegations: 
  wherecontains(
    #"_a-0000e1d3-cf59-8000-9ba2-011c48011c48_1678571"[1],
    tointeger(index(local!checklistDataAll, "isViolation", {}))
  ),
  
  /*Segregate existing entries*/
  local!problemAreaDataAll: remove(local!checklistDataAll, local!indexesWhereAllegations),
  local!allegationDataAll: difference(local!checklistDataAll, local!problemAreaDataAll),
  local!problemAreaProblemsAll: remove(local!checklistProblemsAll, local!indexesWhereAllegations),
  local!allegationProblemsAll: difference(local!checklistProblemsAll, local!problemAreaProblemsAll),
  
  /*Instantiate Helper for clean return*/
  'type!{urn:com:appian:types:CPMS}CPMS_Helper_OnsiteChecklist'(
    onsiteData: local!allegationDataAll,
    onsiteProblems: local!allegationProblemsAll,
    problemAreaData: local!problemAreaDataAll,
    problemAreaProblems: local!problemAreaProblemsAll
  )
)</definition>
        <namedTypedValue>
            <name>caseMasterView</name>
            <type>
                <name>CPMS_V_CaseMaster</name>
                <namespace>urn:com:appian:types:CPMS</namespace>
            </type>
        </namedTypedValue>
        <namedTypedValue>
            <name>checklist</name>
            <type>
                <name>CPMS_CaseChecklist</name>
                <namespace>urn:com:appian:types:CPMS</namespace>
            </type>
        </namedTypedValue>
        <preferredEditor>legacy</preferredEditor>
        <offlineEnabled>false</offlineEnabled>
    </rule>
    <roleMap public="true">
        <role inherit="true" allowForAll="false" name="readers">
            <users/>
            <groups/>
        </role>
        <role inherit="true" allowForAll="false" name="authors">
            <users/>
            <groups/>
        </role>
        <role inherit="true" allowForAll="false" name="administrators">
            <users/>
            <groups/>
        </role>
        <role inherit="false" allowForAll="false" name="denyReaders">
            <users/>
            <groups/>
        </role>
        <role inherit="false" allowForAll="false" name="denyAuthors">
            <users/>
            <groups/>
        </role>
        <role inherit="false" allowForAll="false" name="denyAdministrators">
            <users/>
            <groups/>
        </role>
    </roleMap>
    <history>
        <historyInfo versionUuid="_a-0000e242-7d55-8000-9ba2-011c48011c48_1857951"/>
        <historyInfo versionUuid="_a-0000e267-6bf8-8000-9ba2-011c48011c48_2023073"/>
    </history>
</contentHaul>
