<?xml version="1.0" encoding="UTF-8" standalone="yes"?>
<contentHaul xmlns:a="http://www.appian.com/ae/types/2009">
    <versionUuid>_a-0000e28c-4fbf-8000-9ba2-011c48011c48_2201581</versionUuid>
    <rule>
        <name>CPMS_GRD_CaseInbox</name>
        <uuid>_a-0000e180-b032-8000-9ba2-011c48011c48_1465628</uuid>
        <description>Case Inbox dashboard grid</description>
        <parentUuid>_a-0000dfe1-8627-8000-9ba2-011c48011c48_225007</parentUuid>
        <visibility>
            <advertise>false</advertise>
            <hierarchy>true</hierarchy>
            <indexable>true</indexable>
            <quota>false</quota>
            <searchable>true</searchable>
            <system>false</system>
            <unlogged>false</unlogged>
        </visibility>
        <definition>#"SYSTEM_SYSRULES_gridField"(
  totalCount: ri!dataSubset.totalCount,
  emptyGridMessage: "No Cases to Access",
  value: 
  if(ri!isReadOnly &lt;&gt; true,
    ri!gridSelection,
    ri!gridSelection.pagingInfo
  ),
  saveInto: {
    if(ri!isReadOnly &lt;&gt; true,
      ri!gridSelection,
      ri!gridSelection.pagingInfo
    ),
    if(ri!isReadOnly &lt;&gt; true,
    /* This logic is to avoid pop up on the sorting in the front end*/
    if(
      #"2168a5de-fb70-4d66-8b97-b547e3ac6e57"(
        ri!gridSelection.selected
      ),
      a!save(
        ri!selectedCaseIds,
        null
      ),
      a!save(
        ri!selectedCaseIds,
        save!value.selected
      )
    ),
      null
    )
  },
  selection: or(
    ri!isNO,
    ri!isDORO,
    ri!isDD,
    ri!isADD
  ),
  identifiers: ri!dataSubset.identifiers,
  shadeAlternateRows: true,
  columns: {
    #"SYSTEM_SYSRULES_gridTextColumn"(
      label: "Case ID",
      field: "caseId",
      data: property(ri!dataSubset.data, "caseNumber", {}),
      links: 
      #"SYSTEM_SYSRULES_forEach"(
        items: ri!dataSubset.data,
        expression: 
        #"_a-0000e1ae-dd4e-8000-9ba2-011c48011c48_1564222"(
          caseMasterId: fv!item.caseId,
          optionalCaseTypeCode: fv!item.caseTypeCode
        )
      )
    ),
    if(contains(
        ri!columnsShown,
        #"_a-0000dff3-f116-8000-9ba2-011c48011c48_286894"[1]
      ),
      #"SYSTEM_SYSRULES_gridTextColumn"(
        label: #"_a-0000dff3-f116-8000-9ba2-011c48011c48_286894"[1],
        field: "contractorName",
        data: property(ri!dataSubset.data, "contractorName", {})
      ), {}
    ),
    if(contains(
        ri!columnsShown,
        #"_a-0000dff3-f116-8000-9ba2-011c48011c48_286894"[2]
      ),
      #"SYSTEM_SYSRULES_gridTextColumn"(
        label: #"_a-0000dff3-f116-8000-9ba2-011c48011c48_286894"[2],
        field: "caseTypeDescription",
        data: property(ri!dataSubset.data, "caseTypeDescription", {})
      ), {}
    ),
    if(contains(
        ri!columnsShown,
        #"_a-0000dff3-f116-8000-9ba2-011c48011c48_286894"[3]
      ),
      #"SYSTEM_SYSRULES_gridTextColumn"(
        label: #"_a-0000dff3-f116-8000-9ba2-011c48011c48_286894"[3],
        field: "agencyName",
        data: property(ri!dataSubset.data, "agencyName", {})
      ), {}
    ),
    if(contains(
        ri!columnsShown,
        #"_a-0000dff3-f116-8000-9ba2-011c48011c48_286894"[4]
      ),
      #"SYSTEM_SYSRULES_gridTextColumn"(
        label: #"_a-0000dff3-f116-8000-9ba2-011c48011c48_286894"[4],
        field: "primaryAssigneeName",
        data: property(ri!dataSubset.data, "primaryAssigneeName", {})
      ), {}
    ),
    if(contains(
        ri!columnsShown,
        #"_a-0000dff3-f116-8000-9ba2-011c48011c48_286894"[5]
      ),
      #"SYSTEM_SYSRULES_gridTextColumn"(
        label: #"_a-0000dff3-f116-8000-9ba2-011c48011c48_286894"[5],
        data: 
        #"SYSTEM_SYSRULES_forEach"(
          items: ri!dataSubset.data,
          expression: 
          if(toboolean(property(fv!item, "isPrimaryAssignee", {})),
            "Primary",
            "Secondary"
          )
        )
      ), {}
    ),
    if(contains(
        ri!columnsShown,
        #"_a-0000dff3-f116-8000-9ba2-011c48011c48_286894"[6]
      ),
      #"SYSTEM_SYSRULES_gridTextColumn"(
        label: #"_a-0000dff3-f116-8000-9ba2-011c48011c48_286894"[6],
        field: "isCaseAssociated",
        alignment: "CENTER",
        data: property(ri!dataSubset.data, "isCaseAssociated", {})
      ), {}
    ),
    if(contains(
        ri!columnsShown,
        #"_a-0000dff3-f116-8000-9ba2-011c48011c48_286894"[8]
      ),
      #"SYSTEM_SYSRULES_gridTextColumn"(
        label: #"_a-0000dff3-f116-8000-9ba2-011c48011c48_286894"[8],
        field: "modifiedBy",
        data: 
        #"SYSTEM_SYSRULES_forEach"(
          items: ri!dataSubset.data,
          expression: #"_a-0000e1ae-dd4e-8000-9ba2-011c48011c48_1558501"(user: fv!item.modifiedBy)
        )
      ), {}
    ),
    if(contains(
        ri!columnsShown,
        #"_a-0000dff3-f116-8000-9ba2-011c48011c48_286894"[7]
      ),
      #"SYSTEM_SYSRULES_gridTextColumn"(
        label: #"_a-0000dff3-f116-8000-9ba2-011c48011c48_286894"[7],
        field: "modifiedDt",
        data: 
        #"SYSTEM_SYSRULES_forEach"(
          items: ri!dataSubset.data,
          expression: #"_a-0000e140-13df-8000-9ba2-011c48011c48_1352476"(date: fv!item.modifiedDt)
        )
      ), {}
    ),
    if(contains(
        ri!columnsShown,
        #"_a-0000dff3-f116-8000-9ba2-011c48011c48_286894"[10]
      ),
      #"SYSTEM_SYSRULES_gridTextColumn"(
        label: #"_a-0000dff3-f116-8000-9ba2-011c48011c48_286894"[10],
        field: "currentStatus",
        data: property(ri!dataSubset.data, "currentStatus", {})
      ), {}
    ),
    if(contains(
        ri!columnsShown,
        #"_a-0000dff3-f116-8000-9ba2-011c48011c48_286894"[11]
      ),
      #"SYSTEM_SYSRULES_gridTextColumn"(
        label: #"_a-0000dff3-f116-8000-9ba2-011c48011c48_286894"[11],
        field: "currentStatusDays",
        data: property(ri!dataSubset.data, "currentStatusDays", {})
      ), {}
    ),
    if(contains(
        ri!columnsShown,
        #"_a-0000dff3-f116-8000-9ba2-011c48011c48_286894"[9]
      ),
      #"SYSTEM_SYSRULES_gridTextColumn"(
        label: #"_a-0000dff3-f116-8000-9ba2-011c48011c48_286894"[9],
        field: "createdDt",
        data: property(ri!dataSubset.data, "daysOpen", {})
      ), {}
    ),
    if(contains(
        ri!columnsShown,
        #"_a-0000dff3-f116-8000-9ba2-011c48011c48_286894"[12]
      ),
      #"SYSTEM_SYSRULES_gridTextColumn"(
        label: #"_a-0000dff3-f116-8000-9ba2-011c48011c48_286894"[12],
        field: "problemAreaType",
        data: property(ri!dataSubset.data, "problemAreaType", {})
      ), {}
    )
  }
)</definition>
        <namedTypedValue>
            <name>dataSubset</name>
            <type>
                <name>DataSubset</name>
                <namespace>http://www.appian.com/ae/types/2009</namespace>
            </type>
        </namedTypedValue>
        <namedTypedValue>
            <name>columnsShown</name>
            <type>
                <name>Text?list</name>
                <namespace>http://www.appian.com/ae/types/2009</namespace>
            </type>
        </namedTypedValue>
        <namedTypedValue>
            <name>gridSelection</name>
            <type>
                <name>GridSelection</name>
                <namespace>http://www.appian.com/ae/types/2009</namespace>
            </type>
        </namedTypedValue>
        <namedTypedValue>
            <name>isADD</name>
            <type>
                <name>boolean</name>
                <namespace>http://www.w3.org/2001/XMLSchema</namespace>
            </type>
        </namedTypedValue>
        <namedTypedValue>
            <name>isDD</name>
            <type>
                <name>boolean</name>
                <namespace>http://www.w3.org/2001/XMLSchema</namespace>
            </type>
        </namedTypedValue>
        <namedTypedValue>
            <name>isNO</name>
            <type>
                <name>boolean</name>
                <namespace>http://www.w3.org/2001/XMLSchema</namespace>
            </type>
        </namedTypedValue>
        <namedTypedValue>
            <name>isCO</name>
            <type>
                <name>boolean</name>
                <namespace>http://www.w3.org/2001/XMLSchema</namespace>
            </type>
        </namedTypedValue>
        <namedTypedValue>
            <name>isDORO</name>
            <type>
                <name>boolean</name>
                <namespace>http://www.w3.org/2001/XMLSchema</namespace>
            </type>
        </namedTypedValue>
        <namedTypedValue>
            <name>isReadOnly</name>
            <type>
                <name>boolean</name>
                <namespace>http://www.w3.org/2001/XMLSchema</namespace>
            </type>
        </namedTypedValue>
        <namedTypedValue>
            <name>selectedCaseIds</name>
            <type>
                <name>Integer?list</name>
                <namespace>http://www.appian.com/ae/types/2009</namespace>
            </type>
        </namedTypedValue>
        <preferredEditor>interface</preferredEditor>
        <offlineEnabled>false</offlineEnabled>
    </rule>
    <roleMap public="true">
        <role inherit="true" allowForAll="false" name="readers">
            <users/>
            <groups/>
        </role>
        <role inherit="true" allowForAll="false" name="authors">
            <users/>
            <groups/>
        </role>
        <role inherit="true" allowForAll="false" name="administrators">
            <users/>
            <groups/>
        </role>
        <role inherit="false" allowForAll="false" name="denyReaders">
            <users/>
            <groups/>
        </role>
        <role inherit="false" allowForAll="false" name="denyAuthors">
            <users/>
            <groups/>
        </role>
        <role inherit="false" allowForAll="false" name="denyAdministrators">
            <users/>
            <groups/>
        </role>
    </roleMap>
    <typedValue>
        <type>
            <name>RuleTestConfig?list</name>
            <namespace>http://www.appian.com/ae/types/2009</namespace>
        </type>
        <value>
            <el>
                <a:name/>
                <a:ruleInputTestConfigs>
                    <a:value xmlns:xsi="http://www.w3.org/2001/XMLSchema-instance" xsi:type="a:Expression">#"_a-0000e242-7d55-8000-9ba2-011c48011c48_1873590"(
  pagingInfo: 
  #"SYSTEM_SYSRULES_pagingInfo"(
    startIndex: #"_a-0000e03d-bea2-8000-9ba2-011c48011c48_414676",
    batchSize: 5,
    sort: 
    #"SYSTEM_SYSRULES_sortInfo"(
      field: "caseId",
      ascending: true
    )
  )
)</a:value>
                    <a:nameRef>dataSubset</a:nameRef>
                    <a:id>1</a:id>
                </a:ruleInputTestConfigs>
                <a:ruleInputTestConfigs>
                    <a:value xmlns:xsi="http://www.w3.org/2001/XMLSchema-instance" xsi:type="a:Expression">#"_a-0000dff3-f116-8000-9ba2-011c48011c48_286894"</a:value>
                    <a:nameRef>columnsShown</a:nameRef>
                    <a:id>2</a:id>
                </a:ruleInputTestConfigs>
                <a:ruleInputTestConfigs>
                    <a:value xmlns:xsi="http://www.w3.org/2001/XMLSchema-instance" xsi:type="a:Expression">#"SYSTEM_SYSRULES_gridSelection"(
  pagingInfo: 
  #"SYSTEM_SYSRULES_pagingInfo"(
    startIndex: #"_a-0000e03d-bea2-8000-9ba2-011c48011c48_414676",
    batchSize: 5,
    sort: #"SYSTEM_SYSRULES_sortInfo"(
      field: "caseNumber",
      ascending: true
    )
  )
)</a:value>
                    <a:nameRef>gridSelection</a:nameRef>
                    <a:id>3</a:id>
                </a:ruleInputTestConfigs>
                <a:ruleInputTestConfigs>
                    <a:value xmlns:xsd="http://www.w3.org/2001/XMLSchema" xmlns:xsi="http://www.w3.org/2001/XMLSchema-instance" xsi:type="xsd:boolean">true</a:value>
                    <a:nameRef>isADD</a:nameRef>
                    <a:id>4</a:id>
                </a:ruleInputTestConfigs>
                <a:ruleInputTestConfigs>
                    <a:value xmlns:xsd="http://www.w3.org/2001/XMLSchema" xmlns:xsi="http://www.w3.org/2001/XMLSchema-instance" xsi:type="xsd:boolean">true</a:value>
                    <a:nameRef>isDD</a:nameRef>
                    <a:id>5</a:id>
                </a:ruleInputTestConfigs>
                <a:ruleInputTestConfigs>
                    <a:value xmlns:xsd="http://www.w3.org/2001/XMLSchema" xmlns:xsi="http://www.w3.org/2001/XMLSchema-instance" xsi:nil="true" xsi:type="xsd:boolean"/>
                    <a:nameRef>isNO</a:nameRef>
                    <a:id>6</a:id>
                </a:ruleInputTestConfigs>
                <a:ruleInputTestConfigs>
                    <a:value xmlns:xsd="http://www.w3.org/2001/XMLSchema" xmlns:xsi="http://www.w3.org/2001/XMLSchema-instance" xsi:nil="true" xsi:type="xsd:boolean"/>
                    <a:nameRef>isCO</a:nameRef>
                    <a:id>7</a:id>
                </a:ruleInputTestConfigs>
                <a:ruleInputTestConfigs>
                    <a:value xmlns:xsd="http://www.w3.org/2001/XMLSchema" xmlns:xsi="http://www.w3.org/2001/XMLSchema-instance" xsi:nil="true" xsi:type="xsd:boolean"/>
                    <a:nameRef>isDORO</a:nameRef>
                    <a:id>8</a:id>
                </a:ruleInputTestConfigs>
                <a:ruleInputTestConfigs>
                    <a:value xmlns:xsd="http://www.w3.org/2001/XMLSchema" xmlns:xsi="http://www.w3.org/2001/XMLSchema-instance" xsi:type="xsd:boolean">false</a:value>
                    <a:nameRef>isReadOnly</a:nameRef>
                    <a:id>9</a:id>
                </a:ruleInputTestConfigs>
                <a:ruleInputTestConfigs>
                    <a:nameRef>selectedCaseIds</a:nameRef>
                    <a:id>10</a:id>
                </a:ruleInputTestConfigs>
                <a:assertions xmlns:xsi="http://www.w3.org/2001/XMLSchema-instance" xsi:nil="true"/>
            </el>
        </value>
    </typedValue>
    <history>
        <historyInfo versionUuid="_a-0000e189-e727-8000-9ba2-011c48011c48_1505252"/>
        <historyInfo versionUuid="_a-0000e189-e727-8000-9ba2-011c48011c48_1533870"/>
        <historyInfo versionUuid="_a-0000e189-e727-8000-9ba2-011c48011c48_1533899"/>
        <historyInfo versionUuid="_a-0000e189-e727-8000-9ba2-011c48011c48_1533917"/>
        <historyInfo versionUuid="_a-0000e1ae-dd2f-8000-9ba2-011c48011c48_1182196"/>
        <historyInfo versionUuid="_a-0000e1c1-5f63-8000-9ba2-011c48011c48_1602404"/>
        <historyInfo versionUuid="_a-0000e1d3-cf59-8000-9ba2-011c48011c48_1623393"/>
        <historyInfo versionUuid="_a-0000e201-b978-8000-9ba2-011c48011c48_1743568"/>
        <historyInfo versionUuid="_a-0000e201-b978-8000-9ba2-011c48011c48_1778583"/>
        <historyInfo versionUuid="_a-0000e21d-9dc3-8000-9ba2-011c48011c48_1808891"/>
        <historyInfo versionUuid="_a-0000e21d-9dc3-8000-9ba2-011c48011c48_1832784"/>
        <historyInfo versionUuid="_a-0000e242-7d55-8000-9ba2-011c48011c48_1880477"/>
        <historyInfo versionUuid="_a-0000e263-9e2b-8000-9ba2-011c48011c48_1901489"/>
        <historyInfo versionUuid="_a-0000e267-6bf8-8000-9ba2-011c48011c48_1943040"/>
        <historyInfo versionUuid="_a-0000e267-6bf8-8000-9ba2-011c48011c48_2061467"/>
        <historyInfo versionUuid="_a-0000e28c-4fbf-8000-9ba2-011c48011c48_2201581"/>
    </history>
</contentHaul>
