<?xml version="1.0" encoding="UTF-8" standalone="yes"?>
<contentHaul xmlns:a="http://www.appian.com/ae/types/2009">
    <versionUuid>_a-0000e298-3c96-8000-9ba2-011c48011c48_2236446</versionUuid>
    <rule>
        <name>CPMS_RULE_SS_Onsite_GenerateChecklistHelper</name>
        <uuid>_a-0000e28c-4fbf-8000-9ba2-011c48011c48_2217688</uuid>
        <description>Onsite Checklist Saves</description>
        <parentUuid>_a-0000e201-b978-8000-9ba2-011c48011c48_1766802</parentUuid>
        <visibility>
            <advertise>false</advertise>
            <hierarchy>true</hierarchy>
            <indexable>true</indexable>
            <quota>false</quota>
            <searchable>true</searchable>
            <system>false</system>
            <unlogged>false</unlogged>
        </visibility>
        <definition>with(
  local!initialQuestions:
  #"_a-0000e0f6-48b1-8000-9ba2-011c48011c48_1104245"(
    pagingInfo: 
    #"SYSTEM_SYSRULES_pagingInfo"(
      startIndex: #"_a-0000e1d3-cf59-8000-9ba2-011c48011c48_1622919"[1],
      batchSize: #"_a-0000e1d3-cf59-8000-9ba2-011c48011c48_1622919"[2],
      sort: 
      #"SYSTEM_SYSRULES_sortInfo"(
        field: "questionOrder",
        ascending: true
      )
    ),
    caseTypeCode: ri!caseMasterView.caseTypeCode
  ).data,
  local!questionsEO11246: local!initialQuestions[#"_a-0000e201-b978-8000-9ba2-011c48011c48_1774199"],
  local!questions503andVevraa: remove(local!initialQuestions, #"_a-0000e201-b978-8000-9ba2-011c48011c48_1774199"),
  local!questions: 
  if(ri!isSSandFR,
  append(
    local!questionsEO11246[wherecontains(
      #"_a-0000e201-b978-8000-9ba2-011c48011c48_1761994", 
      tointeger(local!questionsEO11246.onsiteChecklistQuestionId)
    )],
    local!questions503andVevraa
  ),
  local!initialQuestions
  ),
  local!checklistDataAll: 
  #"_a-0000e03d-bea2-8000-9ba2-011c48011c48_416347"(
    constant: #"_a-0000e0f6-48b1-8000-9ba2-011c48011c48_1104810",
    keyField: "onsiteChecklistId",
    keyToMatch: ri!checklist.caseChecklistId,
    pagingInfo: 
    #"SYSTEM_SYSRULES_pagingInfo"(
      startIndex: #"_a-0000e1d3-cf59-8000-9ba2-011c48011c48_1622919"[1],
      batchSize: #"_a-0000e1d3-cf59-8000-9ba2-011c48011c48_1622919"[2],
      sort: 
      #"SYSTEM_SYSRULES_sortInfo"(
        field: "dataFieldId",
        ascending: true
      )
    )
  ).data,
  local!checklistProblemsAll: 
  if(#"2168a5de-fb70-4d66-8b97-b547e3ac6e57"(property(local!checklistDataAll, "onsiteChecklistDataId", null)), {},
    #"_a-0000e0f6-48b1-8000-9ba2-011c48011c48_1105962"(
      onsiteChecklistDataId: property(local!checklistDataAll, "onsiteChecklistDataId", null),
      pagingInfo: 
      #"SYSTEM_SYSRULES_pagingInfo"(
        startIndex: #"_a-0000e1d3-cf59-8000-9ba2-011c48011c48_1622919"[1],
        batchSize: #"_a-0000e1d3-cf59-8000-9ba2-011c48011c48_1622919"[2],
        sort: 
        #"SYSTEM_SYSRULES_sortInfo"(
          field: "onsiteChecklistDataId",
          ascending: true
        )
      )
    ).data
  ),
  
  local!indexesWhereNull: where(apply(fn!isnull, index(local!checklistDataAll, "violationId", {}))),
  
  /*Onsite checklist data*/
  local!onsiteChecklistData: index(local!checklistDataAll, local!indexesWhereNull, {}),
  local!onsiteChecklistProblems: 
  if(or(
      #"2168a5de-fb70-4d66-8b97-b547e3ac6e57"(local!onsiteChecklistData),
      #"2168a5de-fb70-4d66-8b97-b547e3ac6e57"(local!checklistProblemsAll)
    ), {},
    property(local!checklistProblemsAll,
      wherecontains(
        tointeger(local!onsiteChecklistData.onsiteChecklistDataId),
        tointeger(local!checklistProblemsAll.onsiteChecklistDataId)
      ), {}
    )
  ),
  
  /*Problem areas checklist data*/
  local!problemAreasDataExisting: remove(local!checklistDataAll, local!indexesWhereNull),
  local!problemAreasProblemsExisting: 
  if(or(
      #"2168a5de-fb70-4d66-8b97-b547e3ac6e57"(local!problemAreasDataExisting),
      #"2168a5de-fb70-4d66-8b97-b547e3ac6e57"(local!checklistProblemsAll)
    ), {},
      property(local!checklistProblemsAll,
      wherecontains(
        tointeger(local!problemAreasDataExisting.onsiteChecklistDataId),
        tointeger(local!checklistProblemsAll.onsiteChecklistDataId)
      ), {}
    )
  ),
  
  /*Business Logic:*/
  /*Get All Problem Areas that are marked as isOnsite = true &amp; isResolve = false*/
  /*Map the new ones over to Onsite Data*/
  local!problemAreasAll:
  if(ri!checklist.isCompleted, {},
    #"_a-0000e018-d5b4-8000-9ba2-011c48011c48_347307"(
      caseMasterId: ri!caseMasterView.caseId,
      isOnsite: true,
      isResolved: false,
      pagingInfo: 
      #"SYSTEM_SYSRULES_pagingInfo"(
        startIndex: #"_a-0000e1d3-cf59-8000-9ba2-011c48011c48_1622919"[1],
        batchSize: #"_a-0000e1d3-cf59-8000-9ba2-011c48011c48_1622919"[2]
      )
    ).data
  ),

  local!problemAreasIdsToAdd: 
  if(ri!checklist.isCompleted, {},
    difference(
      tointeger(property(local!problemAreasAll, "caseViolationId", {})),
      tointeger(property(local!problemAreasDataExisting, "violationId", {}))
    )
  ),
  local!problemAreasToAdd: 
  if(ri!checklist.isCompleted, {},
    local!problemAreasAll[
      wherecontains(
        local!problemAreasIdsToAdd, 
        tointeger(property(local!problemAreasAll, "caseViolationId", {}))
      )
    ]
  ),
  
  local!problemAreasDataNew:
  if(ri!checklist.isCompleted, {},
    #"_a-0000e21d-9dc3-8000-9ba2-011c48011c48_1844032"(  
      checklistId: ri!checklist.caseChecklistId,  
      violations: local!problemAreasToAdd
    )
  ),
  local!problemAreasProblemsNew:
  if(ri!checklist.isCompleted, {},
    #"_a-0000e21d-9dc3-8000-9ba2-011c48011c48_1844068"(  
      checklistId: ri!checklist.caseChecklistId,  
      violations: local!problemAreasToAdd
    )
  ),
  local!problemAreasData: {local!problemAreasDataExisting, local!problemAreasDataNew},
  local!problemAreasProblems: {local!problemAreasProblemsExisting, local!problemAreasProblemsNew},
  
  /*Instantiate Helper for clean return*/
  'type!{urn:com:appian:types:CPMS}CPMS_Helper_OnsiteChecklist'(
    onsiteData: local!onsiteChecklistData,
    onsiteProblems: local!onsiteChecklistProblems,
    problemAreaData: local!problemAreasData,
    problemAreaProblems: local!problemAreasProblems,
    onsiteQuestions: local!questions
  )
)</definition>
        <namedTypedValue>
            <name>caseMasterView</name>
            <type>
                <name>CPMS_V_CaseMaster</name>
                <namespace>urn:com:appian:types:CPMS</namespace>
            </type>
        </namedTypedValue>
        <namedTypedValue>
            <name>checklist</name>
            <type>
                <name>CPMS_CaseChecklist</name>
                <namespace>urn:com:appian:types:CPMS</namespace>
            </type>
        </namedTypedValue>
        <namedTypedValue>
            <name>isSSandFR</name>
            <type>
                <name>boolean</name>
                <namespace>http://www.w3.org/2001/XMLSchema</namespace>
            </type>
        </namedTypedValue>
        <preferredEditor>legacy</preferredEditor>
        <offlineEnabled>false</offlineEnabled>
    </rule>
    <roleMap public="true">
        <role inherit="true" allowForAll="false" name="readers">
            <users/>
            <groups/>
        </role>
        <role inherit="true" allowForAll="false" name="authors">
            <users/>
            <groups/>
        </role>
        <role inherit="true" allowForAll="false" name="administrators">
            <users/>
            <groups/>
        </role>
        <role inherit="false" allowForAll="false" name="denyReaders">
            <users/>
            <groups/>
        </role>
        <role inherit="false" allowForAll="false" name="denyAuthors">
            <users/>
            <groups/>
        </role>
        <role inherit="false" allowForAll="false" name="denyAdministrators">
            <users/>
            <groups/>
        </role>
    </roleMap>
    <history>
        <historyInfo versionUuid="_a-0000e298-3c96-8000-9ba2-011c48011c48_2236446"/>
    </history>
</contentHaul>
