<?xml version="1.0" encoding="UTF-8" standalone="yes"?>
<contentHaul xmlns:a="http://www.appian.com/ae/types/2009">
    <versionUuid>_a-0000e28c-4fbf-8000-9ba2-011c48011c48_2234730</versionUuid>
    <rule>
        <name>CPMS_DSH_CaseInbox_Search</name>
        <uuid>_a-0000e180-b032-8000-9ba2-011c48011c48_1465536</uuid>
        <description>Search version of Case Inbox dashboard</description>
        <parentUuid>_a-0000dfe1-8627-8000-9ba2-011c48011c48_224997</parentUuid>
        <visibility>
            <advertise>false</advertise>
            <hierarchy>true</hierarchy>
            <indexable>true</indexable>
            <quota>false</quota>
            <searchable>true</searchable>
            <system>false</system>
            <unlogged>false</unlogged>
        </visibility>
        <definition>load(
  local!gridSelectionCaseInbox: 
  #"SYSTEM_SYSRULES_gridSelection"(
    pagingInfo: 
    #"SYSTEM_SYSRULES_pagingInfo"(
      startIndex: #"_a-0000e1d3-cf59-8000-9ba2-011c48011c48_1622919"[1],
      batchSize: #"_a-0000e1d3-cf59-8000-9ba2-011c48011c48_1622919"[5],
      sort: 
      #"SYSTEM_SYSRULES_sortInfo"(
        field: "caseId",
        ascending: true
      )
    )
  ),
  local!currentUserDistrictAreasRaw: 
  #"_a-0000dff3-f116-8000-9ba2-011c48011c48_281894"(
    pagingInfo: 
    #"SYSTEM_SYSRULES_pagingInfo"(
      startIndex: #"_a-0000e1d3-cf59-8000-9ba2-011c48011c48_1622919"[1],
      batchSize: #"_a-0000e1d3-cf59-8000-9ba2-011c48011c48_1622919"[2],
      sort: 
      #"SYSTEM_SYSRULES_sortInfo"(
        field: "officeName",
        ascending: true
      )
    )
  ).data.officeName,
  local!currentUserDistrictAreas: union(local!currentUserDistrictAreasRaw, local!currentUserDistrictAreasRaw),
  local!currentUserRole: #"_a-0000dff3-f116-8000-9ba2-011c48011c48_274857"(
    pagingInfo: 
    #"SYSTEM_SYSRULES_pagingInfo"(
      startIndex: #"_a-0000e1d3-cf59-8000-9ba2-011c48011c48_1622919"[1],
      batchSize: #"_a-0000e1d3-cf59-8000-9ba2-011c48011c48_1622919"[2]
    ),
    selectionColumns: {"regionName"},
    userName: loggedInUser()
  ).data,
  local!currentUserRegions: touniformstring(union(tostring(property(local!currentUserRole, "regionName", {})), tostring({}))),
  local!choicelabels: #"_a-0000dff3-f116-8000-9ba2-011c48011c48_286894"[{1, 2, 3, 4, 6, 7, 8, 9, 10, 11, 12}],
  local!isRegionUser: isusermemberofgroups(
    loggedInUser(),
    {
      #"_a-0000e267-6bf8-8000-9ba2-011c48011c48_2158009",
      #"_a-0000e189-e727-8000-9ba2-011c48011c48_1485912"
    }
  ),
  local!columnsShown: local!choicelabels,
  local!showAdvancedFilters: false,
  local!showColumnFilter: false,
  local!filterDaysOpen,
  local!filterDaysInStatus,
  local!filterLastModified,
  local!filterCurrentStatus,
  local!filterDistrictArea,
  local!filterCaseNumber,
  local!filterCaseType,
  local!filterContractorName,
  local!filterLastModifiedBy,
  local!filterProblemArea,
  local!filterPrimaryAssignee,
  local!filterPrimaryAssigneeName,
  local!filterInvestigativeProcedure,
  local!filterEvalType,
  local!filterClosedCases,
  local!selectedCases,
  #"SYSTEM_SYSRULES_dashboardLayout_v1"(
    contents: {
      #"_a-0000e180-b032-8000-9ba2-011c48011c48_1470622"(
        gridSelection: local!gridSelectionCaseInbox,
        allowPrimaryPicker: true,
        filterCaseNumber: local!filterCaseNumber,
        filterContractorName: local!filterContractorName,
        filterCaseType: local!filterCaseType,
        availableDistrictAreas: local!currentUserDistrictAreas,
        filterDistrictArea: local!filterDistrictArea,
        filterLastModifiedBy: local!filterLastModifiedBy,
        primaryAssigneeName: local!filterPrimaryAssigneeName,
        filterPrimaryAssignee: local!filterPrimaryAssignee,
        filterProblemArea: local!filterProblemArea,
        filterLastModified: local!filterLastModified,
        filterDaysOpen: local!filterDaysOpen,
        filterDaysInStatus: local!filterDaysInStatus,
        filterCurrentStatus: local!filterCurrentStatus,
        showAdvancedFilters: local!showAdvancedFilters,
        filterInvestigativeProcedure: local!filterInvestigativeProcedure,
        filterEvalType: local!filterEvalType,
        filterClosedCases: local!filterClosedCases
      ),
      if(
        and(
          not(local!isRegionUser),
          #"2168a5de-fb70-4d66-8b97-b547e3ac6e57"(
            {
              local!filterDaysOpen,
              local!filterDaysInStatus,
              local!filterLastModified,
              local!filterCurrentStatus,
              local!filterDistrictArea,
              local!filterCaseNumber,
              local!filterCaseType,
              local!filterContractorName,
              local!filterLastModifiedBy,
              local!filterProblemArea,
              local!filterPrimaryAssignee,
              local!filterPrimaryAssigneeName,
              local!filterInvestigativeProcedure,
              local!filterEvalType,
              local!filterClosedCases,
            }
          )
        ), 
        {},
        #"SYSTEM_SYSRULES_sectionLayout_v1"(
          label: "Case Inbox",
          contents: {
            with(
              local!caseMasterViewDataSubset: 
              #"_a-0000e242-7d55-8000-9ba2-011c48011c48_1873590"(
                caseNumber: local!filterCaseNumber,
                stepTypeCode: local!filterCurrentStatus,
                caseTypeDescription: local!filterCaseType,
                evaluationTypeDescription: local!filterEvalType,
                investigativeProcedureDescription: local!filterInvestigativeProcedure,
                problemAreaType: local!filterProblemArea,
                agencyName: local!filterDistrictArea,
                contractorName: local!filterContractorName,
                primaryAssigneeUsername: local!filterPrimaryAssigneeName,
                daysOpen: local!filterDaysOpen,
                daysInStatus: local!filterDaysInStatus,
                regionName: local!currentUserRegions,
                modifiedBy: local!filterLastModifiedBy,
                fromModifiedDt:
                if(#"2168a5de-fb70-4d66-8b97-b547e3ac6e57"(local!filterLastModified), null,
                  todatetime(local!filterLastModified &amp; " 12:00 AM")
                ),
                toModifiedDt: 
                if(#"2168a5de-fb70-4d66-8b97-b547e3ac6e57"(local!filterLastModified), null,
                  todatetime(local!filterLastModified &amp; " 11:59 PM")
                ),
                getOnlyClosed: local!filterClosedCases,
                pagingInfo: local!gridSelectionCaseInbox.pagingInfo
              ),
              #"_a-0000e180-b032-8000-9ba2-011c48011c48_1465628"(
                dataSubset: local!caseMasterViewDataSubset,
                columnsShown: local!columnsShown,
                gridSelection: local!gridSelectionCaseInbox,
                isNO: true,
                isReadonly: true
              )
            ),
            #"_a-0000e1d3-cf59-8000-9ba2-011c48011c48_1622836"(
              showColumnFilter: local!showColumnFilter,
              choiceLabels: local!choicelabels,
              columnsShown: local!columnsShown
            )
          }
        )
      )
    }
  )
)</definition>
        <preferredEditor>interface</preferredEditor>
        <offlineEnabled>false</offlineEnabled>
    </rule>
    <roleMap public="true">
        <role inherit="true" allowForAll="false" name="readers">
            <users/>
            <groups/>
        </role>
        <role inherit="true" allowForAll="false" name="authors">
            <users/>
            <groups/>
        </role>
        <role inherit="true" allowForAll="false" name="administrators">
            <users/>
            <groups/>
        </role>
        <role inherit="false" allowForAll="false" name="denyReaders">
            <users/>
            <groups/>
        </role>
        <role inherit="false" allowForAll="false" name="denyAuthors">
            <users/>
            <groups/>
        </role>
        <role inherit="false" allowForAll="false" name="denyAdministrators">
            <users/>
            <groups/>
        </role>
    </roleMap>
    <history>
        <historyInfo versionUuid="_a-0000e189-e727-8000-9ba2-011c48011c48_1490175"/>
        <historyInfo versionUuid="_a-0000e1d3-cf59-8000-9ba2-011c48011c48_1623111"/>
        <historyInfo versionUuid="_a-0000e201-b978-8000-9ba2-011c48011c48_1781325"/>
        <historyInfo versionUuid="_a-0000e21d-9dc3-8000-9ba2-011c48011c48_1793508"/>
        <historyInfo versionUuid="_a-0000e21d-9dc3-8000-9ba2-011c48011c48_1808899"/>
        <historyInfo versionUuid="_a-0000e242-7d55-8000-9ba2-011c48011c48_1878584"/>
        <historyInfo versionUuid="_a-0000e267-6bf8-8000-9ba2-011c48011c48_1982332"/>
        <historyInfo versionUuid="_a-0000e267-6bf8-8000-9ba2-011c48011c48_2166520"/>
        <historyInfo versionUuid="_a-0000e28c-4fbf-8000-9ba2-011c48011c48_2234730"/>
    </history>
</contentHaul>
