<?xml version="1.0" encoding="UTF-8" standalone="yes"?>
<contentHaul xmlns:a="http://www.appian.com/ae/types/2009">
    <versionUuid>_a-0000e28c-4fbf-8000-9ba2-011c48011c48_2231608</versionUuid>
    <rule>
        <name>CPMS_CMPT_Filters_CaseInbox</name>
        <uuid>_a-0000e180-b032-8000-9ba2-011c48011c48_1470622</uuid>
        <description>Filters for the Case Inbox</description>
        <parentUuid>_a-0000dfe1-8627-8000-9ba2-011c48011c48_224992</parentUuid>
        <visibility>
            <advertise>false</advertise>
            <hierarchy>true</hierarchy>
            <indexable>true</indexable>
            <quota>false</quota>
            <searchable>true</searchable>
            <system>false</system>
            <unlogged>false</unlogged>
        </visibility>
        <definition>load(
  local!caseTypeData:#"_a-0000e018-d5b4-8000-9ba2-011c48011c48_344766"[{1,4}],
  local!evaluationTypeData: 
  #"SYSTEM_SYSRULES_forEach"(
    items: remove(#"_a-0000e267-6bf8-8000-9ba2-011c48011c48_2043598", {3, 6}),
    expression: 
    'type!{urn:com:appian:types:CPMS}ENT_Helper_FieldValue'(
      field: fv!item,
      value: remove(#"_a-0000e1c1-5f63-8000-9ba2-011c48011c48_1593761", {3, 6})[fv!index]
    )
  ),
  local!investigativeTypeData: remove(#"_a-0000e267-6bf8-8000-9ba2-011c48011c48_2044527", 3),
  #"SYSTEM_SYSRULES_sectionLayout_v1"(
    label: "Filters",
    isCollapsible: true,
    contents: {
      #"SYSTEM_SYSRULES_columnsLayout"(
        columns: {
          #"SYSTEM_SYSRULES_columnLayout"(
            contents: #"SYSTEM_SYSRULES_textField"(
              label: "Case ID",
              value: ri!filterCaseNumber,
              saveInto: {
                ri!filterCaseNumber,
                a!save(
                  ri!gridSelection.pagingInfo.startIndex,
                  #"_a-0000e1d3-cf59-8000-9ba2-011c48011c48_1622919"[1]
                )
              }
            )
          ),
          #"SYSTEM_SYSRULES_columnLayout"(
            contents: #"SYSTEM_SYSRULES_textField"(
              label: "Contractor Name",
              value: ri!filterContractorName,
              saveInto: {
                ri!filterContractorName,
                a!save(
                  ri!gridSelection.pagingInfo.startIndex,
                  #"_a-0000e1d3-cf59-8000-9ba2-011c48011c48_1622919"[1]
                )
              }
            )
          ),
          #"SYSTEM_SYSRULES_columnLayout"(
            contents: 
            #"SYSTEM_SYSRULES_dropdownField"(
              label: "Case Type",
              placeholderLabel: "Select a Case Type",
              choiceLabels: local!caseTypeData,
              choiceValues: local!caseTypeData,
              value: ri!filterCaseType,
              saveInto: {
                ri!filterCaseType,
                a!save(ri!gridSelection.pagingInfo.startIndex, #"_a-0000e1d3-cf59-8000-9ba2-011c48011c48_1622919"[1]),
                a!save(ri!filterEvalType, null),
                a!save(local!evaluationTypeData,
                  if(ri!filterCaseType = #"_a-0000e170-e0a2-8000-9ba2-011c48011c48_1453371"[2], 
                    #"SYSTEM_SYSRULES_forEach"(
                      items: #"_a-0000e267-6bf8-8000-9ba2-011c48011c48_2043598"[{3, 6}],
                      expression: 
                      'type!{urn:com:appian:types:CPMS}ENT_Helper_FieldValue'(
                        field: fv!item,
                        value: #"_a-0000e1c1-5f63-8000-9ba2-011c48011c48_1593761"[{3, 6}][fv!index]
                      )
                    ),
                    #"SYSTEM_SYSRULES_forEach"(
                      items: remove(#"_a-0000e267-6bf8-8000-9ba2-011c48011c48_2043598", {3, 6}),
                      expression: 
                      'type!{urn:com:appian:types:CPMS}ENT_Helper_FieldValue'(
                        field: fv!item,
                        value: remove(#"_a-0000e1c1-5f63-8000-9ba2-011c48011c48_1593761", {3, 6})[fv!index]
                      )
                    )
                  )
                )
              }
            )
          ),
          #"SYSTEM_SYSRULES_columnLayout"(
            contents: #"SYSTEM_SYSRULES_dropdownField"(
              label: "District/Area",
              choiceValues: ri!availableDistrictAreas,
              choiceLabels: ri!availableDistrictAreas,
              placeholderLabel: "Select a District",
              value: ri!filterDistrictArea,
              saveInto: {
                ri!filterDistrictArea,
                a!save(
                  ri!gridSelection.pagingInfo.startIndex,
                  #"_a-0000e1d3-cf59-8000-9ba2-011c48011c48_1622919"[1]
                )
              }
            )
          )
        }
      ),
      #"SYSTEM_SYSRULES_columnsLayout"(
        showWhen: ri!showAdvancedFilters,
        columns: {
          #"SYSTEM_SYSRULES_columnLayout"(
            contents: #"SYSTEM_SYSRULES_pickerFieldUsers"(
              label: "Last Modified By",
              placeholder: "Select a User",
              maxSelections: #"_a-0000e1d3-cf59-8000-9ba2-011c48011c48_1622919"[1],
              groupFilter: #"_a-0000e018-d5b4-8000-9ba2-011c48011c48_350637",
              value: ri!filterLastModifiedBy,
              saveInto: {
                ri!filterLastModifiedBy,
                a!save(
                  ri!gridSelection.pagingInfo.startIndex,
                  #"_a-0000e1d3-cf59-8000-9ba2-011c48011c48_1622919"[1]
                )
              }
            )
          ),
          #"SYSTEM_SYSRULES_columnLayout"(
            contents: #"SYSTEM_SYSRULES_pickerFieldUsers"(
              label: "Primary Assignee",
              maxSelections: #"_a-0000e1d3-cf59-8000-9ba2-011c48011c48_1622919"[1],
              groupFilter: #"_a-0000e018-d5b4-8000-9ba2-011c48011c48_350637",
              value: ri!filterPrimaryAssignee,
              saveInto: {
                ri!filterPrimaryAssignee,
                a!save(
                  ri!primaryAssigneeName,
                  #"64f07310-4544-413c-96ea-2bd500ad735e"(
                    save!value
                  )
                ),
                a!save(
                  ri!gridSelection.pagingInfo.startIndex,
                  #"_a-0000e1d3-cf59-8000-9ba2-011c48011c48_1622919"[1]
                )
              }
            ),
            showWhen: ri!allowPrimaryPicker
          ),
          #"SYSTEM_SYSRULES_columnLayout"(
            contents: #"_a-0000e180-b032-8000-9ba2-011c48011c48_1470589"(
              value: ri!filterProblemArea,
              additionalSaveInto: a!save(
                ri!gridSelection.pagingInfo.startIndex,
                #"_a-0000e1d3-cf59-8000-9ba2-011c48011c48_1622919"[1]
              )
            )
          ),
          #"SYSTEM_SYSRULES_columnLayout"(
            contents: #"SYSTEM_SYSRULES_dateField"(
              label: "Last Modified Date",
              value: ri!filterLastModified,
              saveInto: {
                ri!filterLastModified,
                a!save(
                  ri!gridSelection.pagingInfo.startIndex,
                  #"_a-0000e1d3-cf59-8000-9ba2-011c48011c48_1622919"[1]
                )
              }
            )
          ),
          #"SYSTEM_SYSRULES_columnLayout"(
            showWhen: not(
              ri!allowPrimaryPicker
            )
          )
        }
      ),
      #"SYSTEM_SYSRULES_columnsLayout"(
        showWhen: ri!showAdvancedFilters,
        columns: {
          #"SYSTEM_SYSRULES_columnLayout"(
            contents: #"SYSTEM_SYSRULES_integerField"(
              label: "Days Open",
              value: ri!filterDaysOpen,
              saveInto: {
                ri!filterDaysOpen,
                a!save(
                  ri!gridSelection.pagingInfo.startIndex,
                  #"_a-0000e1d3-cf59-8000-9ba2-011c48011c48_1622919"[1]
                )
              }
            )
          ),
          #"SYSTEM_SYSRULES_columnLayout"(
            contents: #"SYSTEM_SYSRULES_integerField"(
              label: "Days in Status",
              value: ri!filterDaysInStatus,
              saveInto: {
                ri!filterDaysInStatus,
                a!save(
                  ri!gridSelection.pagingInfo.startIndex,
                  #"_a-0000e1d3-cf59-8000-9ba2-011c48011c48_1622919"[1]
                )
              }
            )
          ),
          #"SYSTEM_SYSRULES_columnLayout"(
            contents: 
            #"_a-0000e140-13df-8000-9ba2-011c48011c48_1374368"(
              isMulti: true,
              value: ri!filterCurrentStatus,
              additionalSaveInto: {
                a!save(ri!filterClosedCases, null),
                a!save(ri!gridSelection.pagingInfo.startIndex, #"_a-0000e1d3-cf59-8000-9ba2-011c48011c48_1622919"[1])
              }
            )
          ),
          #"SYSTEM_SYSRULES_columnLayout"(
            contents: #"SYSTEM_SYSRULES_dropdownField"(
              label: "Investigative Procedure",
              placeholderLabel: "Select an Investigative Procedure",
              choiceLabels: local!investigativeTypeData,
              choiceValues: local!investigativeTypeData,
              value: ri!filterInvestigativeProcedure,
              saveInto: {
                ri!filterInvestigativeProcedure,
                a!save(
                  ri!gridSelection.pagingInfo.startIndex,
                  #"_a-0000e1d3-cf59-8000-9ba2-011c48011c48_1622919"[1]
                )
              }
            )
          )
        }
      ),
      #"SYSTEM_SYSRULES_columnsLayout"(
        showWhen: ri!showAdvancedFilters,
        columns: {
          #"SYSTEM_SYSRULES_columnLayout"(
            contents: #"SYSTEM_SYSRULES_dropdownField"(
              label: "Evaluation Type",
              placeholderLabel: "Select an Evaluation Type",
              choiceLabels: local!evaluationTypeData.field,
              choiceValues: local!evaluationTypeData.value,
              value: ri!filterEvalType,
              saveInto: {
                ri!filterEvalType,
                a!save(ri!gridSelection.pagingInfo.startIndex, #"_a-0000e1d3-cf59-8000-9ba2-011c48011c48_1622919"[1])
              }
            )
          ),
          #"SYSTEM_SYSRULES_columnLayout"(
            contents: 
            #"SYSTEM_SYSRULES_checkboxField"(
              label: "Show Only Closed Cases",
              choiceLabels: #"_a-0000e201-b978-8000-9ba2-011c48011c48_1770856"[1],
              choiceValues: true,
              value: ri!filterClosedCases,
              saveInto: {
                ri!filterClosedCases,
                a!save(ri!filterCurrentStatus, null),
                a!save(ri!gridSelection.pagingInfo.startIndex, #"_a-0000e1d3-cf59-8000-9ba2-011c48011c48_1622919"[1])
              }
            )
          ),
          #"SYSTEM_SYSRULES_columnLayout"(),
          #"SYSTEM_SYSRULES_columnLayout"()
        }
      ),
      #"SYSTEM_SYSRULES_sideBySideLayout"(
        items: {
          #"SYSTEM_SYSRULES_sideBySideItem"(
            width: "3X",
            item: #"SYSTEM_SYSRULES_richTextDisplayField"(
              labelPosition: "COLLAPSED",
              value: #"SYSTEM_SYSRULES_richTextItem_v1"(
                text: if(
                  ri!showAdvancedFilters,
                  "- Hide",
                  "+ Show"
                ) &amp; " Advanced Filters",
                link: #"SYSTEM_SYSRULES_dynamicLink"(
                  saveInto: {
                    a!save(
                      ri!showAdvancedFilters,
                      not(
                        ri!showAdvancedFilters
                      )
                    ),
                    a!save(
                      ri!gridSelection.pagingInfo.startIndex,
                      #"_a-0000e1d3-cf59-8000-9ba2-011c48011c48_1622919"[1]
                    )
                  }
                )
              )
            )
          ),
          #"SYSTEM_SYSRULES_sideBySideItem"(width: "5X"),
          #"SYSTEM_SYSRULES_sideBySideItem"(
            width: "3X",
            item: #"SYSTEM_SYSRULES_richTextDisplayField"(
              align: "RIGHT",
              value: #"SYSTEM_SYSRULES_richTextItem_v1"(
                text: "Reset Filters",
                link: #"SYSTEM_SYSRULES_dynamicLink"(
                  value: null,
                  saveInto: {
                    ri!filterLastModified,
                    ri!filterProblemArea,
                    ri!filterContractorName,
                    ri!filterCaseNumber,
                    ri!filterCaseType,
                    ri!filterLastModifiedBy,
                    ri!filterDistrictArea,
                    ri!filterPrimaryAssignee,
                    ri!filterDaysOpen,
                    ri!filterDaysInStatus,
                    ri!filterCurrentStatus,
                    ri!filterInvestigativeProcedure,
                    ri!filterEvalType,
                    ri!filterClosedCases,
                    a!save(
                      ri!availableDistrictAreas,
                      if(
                        #"2168a5de-fb70-4d66-8b97-b547e3ac6e57"(
                          ri!filterDistrictArea
                        ),
                        ri!availableDistrictAreas,
                        ri!filterDistrictArea
                      )
                    ),
                    a!save(
                      ri!primaryAssigneeName,
                      if(
                        ri!isCO,
                        #"64f07310-4544-413c-96ea-2bd500ad735e"(
                          loggedInUser()
                        ),
                        null
                      )
                    )
                  }
                )
              )
            )
          )
        }
      )
    }
  )
)</definition>
        <namedTypedValue>
            <name>gridSelection</name>
            <type>
                <name>GridSelection</name>
                <namespace>http://www.appian.com/ae/types/2009</namespace>
            </type>
        </namedTypedValue>
        <namedTypedValue>
            <name>filterCaseNumber</name>
            <type>
                <name>string</name>
                <namespace>http://www.w3.org/2001/XMLSchema</namespace>
            </type>
            <value/>
        </namedTypedValue>
        <namedTypedValue>
            <name>filterContractorName</name>
            <type>
                <name>string</name>
                <namespace>http://www.w3.org/2001/XMLSchema</namespace>
            </type>
            <value/>
        </namedTypedValue>
        <namedTypedValue>
            <name>filterCaseType</name>
            <type>
                <name>string</name>
                <namespace>http://www.w3.org/2001/XMLSchema</namespace>
            </type>
            <value/>
        </namedTypedValue>
        <namedTypedValue>
            <name>availableDistrictAreas</name>
            <type>
                <name>Text?list</name>
                <namespace>http://www.appian.com/ae/types/2009</namespace>
            </type>
        </namedTypedValue>
        <namedTypedValue>
            <name>filterDistrictArea</name>
            <type>
                <name>string</name>
                <namespace>http://www.w3.org/2001/XMLSchema</namespace>
            </type>
            <value/>
        </namedTypedValue>
        <namedTypedValue>
            <name>filterLastModifiedBy</name>
            <type>
                <name>User</name>
                <namespace>http://www.appian.com/ae/types/2009</namespace>
            </type>
        </namedTypedValue>
        <namedTypedValue>
            <name>filterPrimaryAssignee</name>
            <type>
                <name>User</name>
                <namespace>http://www.appian.com/ae/types/2009</namespace>
            </type>
        </namedTypedValue>
        <namedTypedValue>
            <name>primaryAssigneeName</name>
            <type>
                <name>string</name>
                <namespace>http://www.w3.org/2001/XMLSchema</namespace>
            </type>
            <value/>
        </namedTypedValue>
        <namedTypedValue>
            <name>filterProblemArea</name>
            <type>
                <name>string</name>
                <namespace>http://www.w3.org/2001/XMLSchema</namespace>
            </type>
            <value/>
        </namedTypedValue>
        <namedTypedValue>
            <name>filterLastModified</name>
            <type>
                <name>date</name>
                <namespace>http://www.w3.org/2001/XMLSchema</namespace>
            </type>
        </namedTypedValue>
        <namedTypedValue>
            <name>filterDaysOpen</name>
            <type>
                <name>int</name>
                <namespace>http://www.w3.org/2001/XMLSchema</namespace>
            </type>
        </namedTypedValue>
        <namedTypedValue>
            <name>filterDaysInStatus</name>
            <type>
                <name>int</name>
                <namespace>http://www.w3.org/2001/XMLSchema</namespace>
            </type>
        </namedTypedValue>
        <namedTypedValue>
            <name>filterCurrentStatus</name>
            <type>
                <name>Text?list</name>
                <namespace>http://www.appian.com/ae/types/2009</namespace>
            </type>
        </namedTypedValue>
        <namedTypedValue>
            <name>showAdvancedFilters</name>
            <type>
                <name>boolean</name>
                <namespace>http://www.w3.org/2001/XMLSchema</namespace>
            </type>
        </namedTypedValue>
        <namedTypedValue>
            <name>allowPrimaryPicker</name>
            <type>
                <name>boolean</name>
                <namespace>http://www.w3.org/2001/XMLSchema</namespace>
            </type>
        </namedTypedValue>
        <namedTypedValue>
            <name>isCO</name>
            <type>
                <name>boolean</name>
                <namespace>http://www.w3.org/2001/XMLSchema</namespace>
            </type>
        </namedTypedValue>
        <namedTypedValue>
            <name>filterInvestigativeProcedure</name>
            <type>
                <name>string</name>
                <namespace>http://www.w3.org/2001/XMLSchema</namespace>
            </type>
            <value/>
        </namedTypedValue>
        <namedTypedValue>
            <name>filterEvalType</name>
            <type>
                <name>string</name>
                <namespace>http://www.w3.org/2001/XMLSchema</namespace>
            </type>
            <value/>
        </namedTypedValue>
        <namedTypedValue>
            <name>filterClosedCases</name>
            <type>
                <name>boolean</name>
                <namespace>http://www.w3.org/2001/XMLSchema</namespace>
            </type>
        </namedTypedValue>
        <preferredEditor>interface</preferredEditor>
        <offlineEnabled>false</offlineEnabled>
    </rule>
    <roleMap public="true">
        <role inherit="true" allowForAll="false" name="readers">
            <users/>
            <groups/>
        </role>
        <role inherit="true" allowForAll="false" name="authors">
            <users/>
            <groups/>
        </role>
        <role inherit="true" allowForAll="false" name="administrators">
            <users/>
            <groups/>
        </role>
        <role inherit="false" allowForAll="false" name="denyReaders">
            <users/>
            <groups/>
        </role>
        <role inherit="false" allowForAll="false" name="denyAuthors">
            <users/>
            <groups/>
        </role>
        <role inherit="false" allowForAll="false" name="denyAdministrators">
            <users/>
            <groups/>
        </role>
    </roleMap>
    <typedValue>
        <type>
            <name>RuleTestConfig?list</name>
            <namespace>http://www.appian.com/ae/types/2009</namespace>
        </type>
        <value>
            <el>
                <a:name/>
                <a:ruleInputTestConfigs>
                    <a:value xmlns:xsi="http://www.w3.org/2001/XMLSchema-instance" xsi:type="a:Expression">#"SYSTEM_SYSRULES_gridSelection"(
    pagingInfo: 
    #"SYSTEM_SYSRULES_pagingInfo"(
      startIndex: #"_a-0000e03d-bea2-8000-9ba2-011c48011c48_414676",
      batchSize: 20,
      sort: #"SYSTEM_SYSRULES_sortInfo"(
        field: "caseNumber",
        ascending: true
      )
    )
  )</a:value>
                    <a:nameRef>gridSelection</a:nameRef>
                    <a:id>1</a:id>
                </a:ruleInputTestConfigs>
                <a:ruleInputTestConfigs>
                    <a:value xmlns:xsd="http://www.w3.org/2001/XMLSchema" xmlns:xsi="http://www.w3.org/2001/XMLSchema-instance" xsi:type="xsd:string"/>
                    <a:nameRef>filterCaseNumber</a:nameRef>
                    <a:id>2</a:id>
                </a:ruleInputTestConfigs>
                <a:ruleInputTestConfigs>
                    <a:value xmlns:xsd="http://www.w3.org/2001/XMLSchema" xmlns:xsi="http://www.w3.org/2001/XMLSchema-instance" xsi:type="xsd:string"/>
                    <a:nameRef>filterContractorName</a:nameRef>
                    <a:id>3</a:id>
                </a:ruleInputTestConfigs>
                <a:ruleInputTestConfigs>
                    <a:value xmlns:xsd="http://www.w3.org/2001/XMLSchema" xmlns:xsi="http://www.w3.org/2001/XMLSchema-instance" xsi:type="xsd:string"/>
                    <a:nameRef>filterCaseType</a:nameRef>
                    <a:id>4</a:id>
                </a:ruleInputTestConfigs>
                <a:ruleInputTestConfigs>
                    <a:nameRef>availableDistrictAreas</a:nameRef>
                    <a:id>5</a:id>
                </a:ruleInputTestConfigs>
                <a:ruleInputTestConfigs>
                    <a:value xmlns:xsd="http://www.w3.org/2001/XMLSchema" xmlns:xsi="http://www.w3.org/2001/XMLSchema-instance" xsi:type="xsd:string"/>
                    <a:nameRef>filterDistrictArea</a:nameRef>
                    <a:id>6</a:id>
                </a:ruleInputTestConfigs>
                <a:ruleInputTestConfigs>
                    <a:value xmlns:xsi="http://www.w3.org/2001/XMLSchema-instance" xsi:nil="true" xsi:type="a:User"/>
                    <a:nameRef>filterLastModifiedBy</a:nameRef>
                    <a:id>7</a:id>
                </a:ruleInputTestConfigs>
                <a:ruleInputTestConfigs>
                    <a:value xmlns:xsi="http://www.w3.org/2001/XMLSchema-instance" xsi:nil="true" xsi:type="a:User"/>
                    <a:nameRef>filterPrimaryAssignee</a:nameRef>
                    <a:id>8</a:id>
                </a:ruleInputTestConfigs>
                <a:ruleInputTestConfigs>
                    <a:value xmlns:xsd="http://www.w3.org/2001/XMLSchema" xmlns:xsi="http://www.w3.org/2001/XMLSchema-instance" xsi:type="xsd:string"/>
                    <a:nameRef>primaryAssigneeName</a:nameRef>
                    <a:id>9</a:id>
                </a:ruleInputTestConfigs>
                <a:ruleInputTestConfigs>
                    <a:value xmlns:xsd="http://www.w3.org/2001/XMLSchema" xmlns:xsi="http://www.w3.org/2001/XMLSchema-instance" xsi:type="xsd:string"/>
                    <a:nameRef>filterProblemArea</a:nameRef>
                    <a:id>10</a:id>
                </a:ruleInputTestConfigs>
                <a:ruleInputTestConfigs>
                    <a:value xmlns:xsd="http://www.w3.org/2001/XMLSchema" xmlns:xsi="http://www.w3.org/2001/XMLSchema-instance" xsi:nil="true" xsi:type="xsd:date"/>
                    <a:nameRef>filterLastModified</a:nameRef>
                    <a:id>11</a:id>
                </a:ruleInputTestConfigs>
                <a:ruleInputTestConfigs>
                    <a:value xmlns:xsd="http://www.w3.org/2001/XMLSchema" xmlns:xsi="http://www.w3.org/2001/XMLSchema-instance" xsi:nil="true" xsi:type="xsd:int"/>
                    <a:nameRef>filterDaysOpen</a:nameRef>
                    <a:id>12</a:id>
                </a:ruleInputTestConfigs>
                <a:ruleInputTestConfigs>
                    <a:value xmlns:xsd="http://www.w3.org/2001/XMLSchema" xmlns:xsi="http://www.w3.org/2001/XMLSchema-instance" xsi:nil="true" xsi:type="xsd:int"/>
                    <a:nameRef>filterDaysInStatus</a:nameRef>
                    <a:id>13</a:id>
                </a:ruleInputTestConfigs>
                <a:ruleInputTestConfigs>
                    <a:nameRef>filterCurrentStatus</a:nameRef>
                    <a:id>14</a:id>
                </a:ruleInputTestConfigs>
                <a:ruleInputTestConfigs>
                    <a:value xmlns:xsd="http://www.w3.org/2001/XMLSchema" xmlns:xsi="http://www.w3.org/2001/XMLSchema-instance" xsi:type="xsd:boolean">true</a:value>
                    <a:nameRef>showAdvancedFilters</a:nameRef>
                    <a:id>15</a:id>
                </a:ruleInputTestConfigs>
                <a:ruleInputTestConfigs>
                    <a:value xmlns:xsd="http://www.w3.org/2001/XMLSchema" xmlns:xsi="http://www.w3.org/2001/XMLSchema-instance" xsi:type="xsd:boolean">true</a:value>
                    <a:nameRef>allowPrimaryPicker</a:nameRef>
                    <a:id>16</a:id>
                </a:ruleInputTestConfigs>
                <a:ruleInputTestConfigs>
                    <a:value xmlns:xsd="http://www.w3.org/2001/XMLSchema" xmlns:xsi="http://www.w3.org/2001/XMLSchema-instance" xsi:nil="true" xsi:type="xsd:boolean"/>
                    <a:nameRef>isCO</a:nameRef>
                    <a:id>17</a:id>
                </a:ruleInputTestConfigs>
                <a:ruleInputTestConfigs>
                    <a:value xmlns:xsd="http://www.w3.org/2001/XMLSchema" xmlns:xsi="http://www.w3.org/2001/XMLSchema-instance" xsi:type="xsd:string"/>
                    <a:nameRef>filterInvestigativeProcedure</a:nameRef>
                    <a:id>18</a:id>
                </a:ruleInputTestConfigs>
                <a:ruleInputTestConfigs>
                    <a:value xmlns:xsd="http://www.w3.org/2001/XMLSchema" xmlns:xsi="http://www.w3.org/2001/XMLSchema-instance" xsi:type="xsd:string"/>
                    <a:nameRef>filterEvalType</a:nameRef>
                    <a:id>19</a:id>
                </a:ruleInputTestConfigs>
                <a:ruleInputTestConfigs>
                    <a:value xmlns:xsd="http://www.w3.org/2001/XMLSchema" xmlns:xsi="http://www.w3.org/2001/XMLSchema-instance" xsi:nil="true" xsi:type="xsd:boolean"/>
                    <a:nameRef>filterClosedCases</a:nameRef>
                    <a:id>20</a:id>
                </a:ruleInputTestConfigs>
                <a:assertions xmlns:xsi="http://www.w3.org/2001/XMLSchema-instance" xsi:nil="true"/>
            </el>
        </value>
    </typedValue>
    <history>
        <historyInfo versionUuid="_a-0000e189-e727-8000-9ba2-011c48011c48_1499770"/>
        <historyInfo versionUuid="_a-0000e1d3-cf59-8000-9ba2-011c48011c48_1622751"/>
        <historyInfo versionUuid="_a-0000e201-b978-8000-9ba2-011c48011c48_1780979"/>
        <historyInfo versionUuid="_a-0000e21d-9dc3-8000-9ba2-011c48011c48_1793292"/>
        <historyInfo versionUuid="_a-0000e242-7d55-8000-9ba2-011c48011c48_1863222"/>
        <historyInfo versionUuid="_a-0000e242-7d55-8000-9ba2-011c48011c48_1879254"/>
        <historyInfo versionUuid="_a-0000e263-9e2b-8000-9ba2-011c48011c48_1901380"/>
        <historyInfo versionUuid="_a-0000e267-6bf8-8000-9ba2-011c48011c48_1948657"/>
        <historyInfo versionUuid="_a-0000e267-6bf8-8000-9ba2-011c48011c48_2006374"/>
        <historyInfo versionUuid="_a-0000e267-6bf8-8000-9ba2-011c48011c48_2023046"/>
        <historyInfo versionUuid="_a-0000e267-6bf8-8000-9ba2-011c48011c48_2053406"/>
        <historyInfo versionUuid="_a-0000e28c-4fbf-8000-9ba2-011c48011c48_2195606"/>
        <historyInfo versionUuid="_a-0000e28c-4fbf-8000-9ba2-011c48011c48_2231608"/>
    </history>
</contentHaul>
