<?xml version="1.0" encoding="UTF-8" standalone="yes"?>
<contentHaul xmlns:a="http://www.appian.com/ae/types/2009">
    <versionUuid>_a-0000e28c-4fbf-8000-9ba2-011c48011c48_2233512</versionUuid>
    <rule>
        <name>CPMS_FRM_CaseInbox_General</name>
        <uuid>_a-0000e018-d5b4-8000-9ba2-011c48011c48_340037</uuid>
        <description>Interface to use as report for view case inbox</description>
        <parentUuid>_a-0000dfe1-8627-8000-9ba2-011c48011c48_225002</parentUuid>
        <visibility>
            <advertise>false</advertise>
            <hierarchy>true</hierarchy>
            <indexable>true</indexable>
            <quota>false</quota>
            <searchable>true</searchable>
            <system>false</system>
            <unlogged>false</unlogged>
        </visibility>
        <definition>load(
  local!pagingInfoSingle:
  #"SYSTEM_SYSRULES_pagingInfo"(
    startIndex: #"_a-0000e1d3-cf59-8000-9ba2-011c48011c48_1622919"[1],
    batchSize: #"_a-0000e1d3-cf59-8000-9ba2-011c48011c48_1622919"[1]
  ),
  local!pagingInfoAll: 
  #"SYSTEM_SYSRULES_pagingInfo"(
    startIndex: #"_a-0000e1d3-cf59-8000-9ba2-011c48011c48_1622919"[1],
    batchSize: #"_a-0000e1d3-cf59-8000-9ba2-011c48011c48_1622919"[2]
  ),
  local!gridSelectionCaseInbox: 
  #"SYSTEM_SYSRULES_gridSelection"(
    pagingInfo: 
    #"SYSTEM_SYSRULES_pagingInfo"(
      startIndex: #"_a-0000e1d3-cf59-8000-9ba2-011c48011c48_1622919"[1],
      batchSize: #"_a-0000e1d3-cf59-8000-9ba2-011c48011c48_1622919"[6],
      sort: 
      #"SYSTEM_SYSRULES_sortInfo"(
        field: "caseId",
        ascending: true
      )
    )
  ),
  local!currentStep: 1,
  local!loggedInUser: loggedInUser(),
  local!isDORO: isusermemberofgroup(local!loggedInUser, #"_a-0000dff3-f116-8000-9ba2-011c48011c48_277833"),
  local!isDD: isusermemberofgroup(local!loggedInUser, #"_a-0000dff3-f116-8000-9ba2-011c48011c48_285408"),
  local!isADD: isusermemberofgroup(local!loggedInUser, #"_a-0000e11b-2acc-8000-9ba2-011c48011c48_1241140"),
  local!isCO: isusermemberofgroup(local!loggedInUser, #"_a-0000dff3-f116-8000-9ba2-011c48011c48_285414"),
  local!isRD: isusermemberofgroup(local!loggedInUser, #"_a-0000e140-13df-8000-9ba2-011c48011c48_1338539"),
  local!isRegional: or(local!isDORO, local!isRD),
  local!isRSOL: isusermemberofgroup(local!loggedInUser,#"_a-0000e140-13df-8000-9ba2-011c48011c48_1336123"),
  local!isRL: isusermemberofgroup(local!loggedInUser,#"_a-0000e189-e727-8000-9ba2-011c48011c48_1485912"),
  local!isCOorEOA: or(
    local!isCO,
    isusermemberofgroup(local!loggedInUser, #"_a-0000e062-98df-8000-9ba2-011c48011c48_555211")
  ),
  local!isNO: isusermemberofgroup(local!loggedInUser, #"_a-0000e1f8-b57f-8000-9ba2-011c48011c48_1692510"),
  local!currentUserRoles: 
  #"_a-0000dff3-f116-8000-9ba2-011c48011c48_274857"(
    pagingInfo: local!pagingInfoAll,
    selectionColumns: {"regionId", "regionName", "agencyOfficeId", "districtArea", "districtAreaAcronym"},
    userName: local!loggedInUser
  ).data,
  local!currentDistrictAreas: property(local!currentUserRoles, "districtArea", null),
  local!currentUserRegionsDuplicate: property(local!currentUserRoles, "regionName", null),
  local!currentUserRegions: touniformstring(union(local!currentUserRegionsDuplicate, local!currentUserRegionsDuplicate)),
  local!districtAcronyms: 
  if(local!isRegional,
    property(
      #"_a-0000e03d-bea2-8000-9ba2-011c48011c48_416347"(
        constant: #"_a-0000e111-f254-8000-9ba2-011c48011c48_1207397",
        keyField: "entityName",
        keyOperator: "in",
        keyToMatch: local!currentUserRegions,
        secondKeyField: "entityTypeId",
        secondKeyToMatch: #"_a-0000e1c1-5f63-8000-9ba2-011c48011c48_1601068"[3]
      ), "entityAcronym", {}
    ),
    property(local!currentUserRoles, "districtAreaAcronym", {})
  ),
  local!currentUserDistrictAreas: 
  if(or(
      local!isDORO,
      local!isRSOL,
      local!isRD
    ),
    load(
      local!districtAreasRaw:
      #"_a-0000e03d-bea2-8000-9ba2-011c48011c48_416347"(
        constant: #"_a-0000dff3-f116-8000-9ba2-011c48011c48_274980",
        keyField: "parentOfficeName",
        keyOperator: "in",
        keyToMatch: local!currentUserRegions,
        querySelection: "officeName",
        pagingInfo: local!pagingInfoAll
      ).data.officeName,
      reject(#"2168a5de-fb70-4d66-8b97-b547e3ac6e57"(_), union(local!districtAreasRaw, local!districtAreasRaw))
    ),
    reject(#"2168a5de-fb70-4d66-8b97-b547e3ac6e57"(_), union(local!currentDistrictAreas, local!currentDistrictAreas))
  ),
  local!showAdvancedFilters: false,
  local!showColumnFilter: false,
  local!choicelabels: 
  if(local!isCOorEOA,
    #"_a-0000dff3-f116-8000-9ba2-011c48011c48_286894"[{1, 2, 3, 5, 6, 7, 8, 9, 10, 11, 12}],
    if(local!isRSOL,
      #"_a-0000dff3-f116-8000-9ba2-011c48011c48_286894"[{1, 2, 3, 6, 7, 8, 9, 10, 11, 12}],
      #"_a-0000dff3-f116-8000-9ba2-011c48011c48_286894"[{1, 2, 3, 4, 6, 7, 8, 9, 10, 11, 12}]
    )
  ),
  local!columnsShown: local!choicelabels,
  local!currentUserRsolUserName: 
  if(local!isRSOL,
    #"_a-0000e1ae-dd4e-8000-9ba2-011c48011c48_1558501"(user: local!loggedInUser), {}
  ),
  local!selectedDistrictAreaName,
  local!selectedRegionName,
  local!filterDaysOpen,
  local!filterDaysInStatus,
  local!filterLastModified,
  local!filterCurrentStatus,
  local!filterDistrictArea,
  local!filterCaseNumber,
  local!filterCaseType,
  local!filterContractorName,
  local!filterLastModifiedBy,
  local!filterProblemArea,
  local!filterPrimaryAssignee,
  local!filterPrimaryAssigneeName,
  local!filterInvestigativeProcedure,
  local!filterEvalType,
  local!filterClosedCases,
  local!selectedCaseMasterViews,
  #"SYSTEM_SYSRULES_dashboardLayout_v1"(
    contents: {
      /*MAIN DASHBOARD*/
      if(local!currentStep &lt;&gt; 1, {},
        {
          #"_a-0000e180-b032-8000-9ba2-011c48011c48_1470622"(
            gridSelection: local!gridSelectionCaseInbox,
            filterCaseNumber: local!filterCaseNumber,
            filterContractorName: local!filterContractorName,
            filterCaseType: local!filterCaseType,
            availableDistrictAreas: local!currentUserDistrictAreas,
            filterDistrictArea: local!filterDistrictArea,
            filterLastModifiedBy: local!filterLastModifiedBy,
            primaryAssigneeName: local!filterPrimaryAssigneeName,
            filterPrimaryAssignee: local!filterPrimaryAssignee,
            filterProblemArea: local!filterProblemArea,
            filterLastModified: local!filterLastModified,
            filterDaysOpen: local!filterDaysOpen,
            filterDaysInStatus: local!filterDaysInStatus,
            filterCurrentStatus: local!filterCurrentStatus,
            showAdvancedFilters: local!showAdvancedFilters,
            isCO: local!isCO,
            allowPrimaryPicker: 
            if(or(local!isDORO, local!isRD),
              false,
              not(local!isCO)
            ),
            filterInvestigativeProcedure: local!filterInvestigativeProcedure,
            filterEvalType: local!filterEvalType,
            filterClosedCases: local!filterClosedCases
          ),
          #"SYSTEM_SYSRULES_ButtonLayout"(
            showWhen: local!currentStep = 1,
            primaryButtons: {
              #"SYSTEM_SYSRULES_ButtonWidget"(
                label: "Reassign",
                style: "PRIMARY",
                validate: true,
                saveInto: {
                  a!save(local!currentStep, 2),
                  a!save(local!selectedCaseMasterViews,
                    #"_a-0000dff3-f116-8000-9ba2-011c48011c48_279683"(
                      caseId: ri!selectedCaseIds,
                      columnSelection: {"region", "regionId", "agencyName", "agencyOfficeId"},
                      pagingInfo: 
                      #"SYSTEM_SYSRULES_pagingInfo"(
                        startIndex: #"_a-0000e1d3-cf59-8000-9ba2-011c48011c48_1622919"[1],
                        batchSize: #"_a-0000e1d3-cf59-8000-9ba2-011c48011c48_1622919"[2],
                        sort: 
                        #"SYSTEM_SYSRULES_sortInfo"(
                          field: "region",
                          ascending: true
                        )
                      )
                    ).data
                  )
                },
                showWhen: not(#"2168a5de-fb70-4d66-8b97-b547e3ac6e57"(ri!selectedCaseIds))
              ),
              #"SYSTEM_SYSRULES_ButtonWidget"(
                label: #"_a-0000e189-e727-8000-9ba2-011c48011c48_1495746"[2],
                style: "PRIMARY",
                validate: true,
                saveInto: {
                  a!save(local!currentStep, 4),
                  a!save(ri!schedulingListCeRepository,
                    #"_a-0000e1d3-cf59-8000-9ba2-011c48011c48_1665435"(
                      isPicked: false,
                      isDeleted: false,
                      districtOffice: local!districtAcronyms,
                      pagingInfo: 
                      #"SYSTEM_SYSRULES_pagingInfo"(
                        startIndex: #"_a-0000e1d3-cf59-8000-9ba2-011c48011c48_1622919"[1],
                        batchSize: #"_a-0000e1d3-cf59-8000-9ba2-011c48011c48_1622919"[1],
                        sort: 
                        #"SYSTEM_SYSRULES_sortInfo"(
                          field: "schedListCeRepositoryId",
                          ascending: true
                        )
                      )
                    ).data
                  ),
                  a!save(ri!caseMasters,
                    if(#"2168a5de-fb70-4d66-8b97-b547e3ac6e57"(ri!schedulingListCeRepository), {},
                      #"_a-0000e018-d5b4-8000-9ba2-011c48011c48_341302"(
                        caseMasterId: ri!schedulingListCeRepository.caseMasterId,
                        pagingInfo: local!pagingInfoSingle
                      ).data
                    )
                  ),
                  with(
                    local!agencyOffices: 
                    #"_a-0000e03d-bea2-8000-9ba2-011c48011c48_416347"(
                      constant: #"_a-0000e111-f254-8000-9ba2-011c48011c48_1207397",
                      keyOperator: "in",
                      keyToMatch: tointeger({ri!caseMasters.regionId, ri!caseMasters.agencyOfficeId}),
                      querySelection: {"entityName", "entityTypeId"}
                    ),
                    {
                      a!save(local!selectedDistrictAreaName,
                      tostring(
                        local!agencyOffices[
                          wherecontains(
                            #"_a-0000e1c1-5f63-8000-9ba2-011c48011c48_1601068"[3], 
                            tointeger(local!agencyOffices.entityTypeId)
                          )
                        ].entityName
                      )
                      ),
                      a!save(local!selectedRegionName,
                      tostring(
                        local!agencyOffices[
                          wherecontains(
                            #"_a-0000e1c1-5f63-8000-9ba2-011c48011c48_1601068"[2], 
                            tointeger(local!agencyOffices.entityTypeId)
                          )
                        ].entityName
                      )
                      )
                    }
                  )
                },
                showWhen: false /*or(local!isDD, local!isRegional)*/
              ),
              #"SYSTEM_SYSRULES_ButtonWidget"(
                label: #"_a-0000e189-e727-8000-9ba2-011c48011c48_1495746"[1],
                style: "PRIMARY",
                validate: true,
                saveInto: {
                  a!save(local!currentStep, 3),
                  a!save(ri!schedulingListRepository,
                    #"_a-0000e170-e0a2-8000-9ba2-011c48011c48_1441393"(
                      isPicked: false,
                      isDeleted: false,
                      districtOffice: local!districtAcronyms,
                      pagingInfo: 
                      #"SYSTEM_SYSRULES_pagingInfo"(
                        startIndex: #"_a-0000e1d3-cf59-8000-9ba2-011c48011c48_1622919"[1],
                        batchSize: #"_a-0000e1d3-cf59-8000-9ba2-011c48011c48_1622919"[1],
                        sort: 
                        #"SYSTEM_SYSRULES_sortInfo"(
                          field: "schedulingLstRepositoryId",
                          ascending: true
                        )
                      )
                    ).data
                  ),
                  a!save(ri!caseMasters,
                    if(#"2168a5de-fb70-4d66-8b97-b547e3ac6e57"(ri!schedulingListRepository), {},
                      #"_a-0000e018-d5b4-8000-9ba2-011c48011c48_341302"(
                        caseMasterId: ri!schedulingListRepository.caseMasterId,
                        pagingInfo: local!pagingInfoSingle
                      ).data
                    )
                  ),
                  with(
                    local!agencyOffices: 
                    #"_a-0000e03d-bea2-8000-9ba2-011c48011c48_416347"(
                      constant: #"_a-0000e111-f254-8000-9ba2-011c48011c48_1207397",
                      keyOperator: "in",
                      keyToMatch: tointeger({ri!caseMasters.regionId, ri!caseMasters.agencyOfficeId}),
                      querySelection: {"entityName", "entityTypeId"}
                    ),
                    {
                      a!save(local!selectedDistrictAreaName,
                        tostring(
                          local!agencyOffices[
                            wherecontains(
                              #"_a-0000e1c1-5f63-8000-9ba2-011c48011c48_1601068"[3], 
                              tointeger(local!agencyOffices.entityTypeId)
                            )
                          ].entityName
                        )
                      ),
                      a!save(local!selectedRegionName,
                      tostring(
                        local!agencyOffices[
                          wherecontains(
                            #"_a-0000e1c1-5f63-8000-9ba2-011c48011c48_1601068"[2], 
                            tointeger(local!agencyOffices.entityTypeId)
                          )
                        ].entityName
                      )
                      )
                    }
                  )
                },
                showWhen: or(local!isDD, local!isRegional)
              )
            }
          ),
          #"SYSTEM_SYSRULES_sectionLayout_v1"(
            label: "Case Inbox",
            contents: {
              with(
                local!dataSubset: 
                if(or(local!isCOorEOA, local!isADD),
                  #"_a-0000e201-b978-8000-9ba2-011c48011c48_1743502"(
                    caseNumber: local!filterCaseNumber,
                    stepTypeCode: local!filterCurrentStatus,
                    caseTypeDescription: local!filterCaseType,
                    evaluationTypeDescription: local!filterEvalType,
                    investigativeProcedureDescription: local!filterInvestigativeProcedure,
                    problemAreaType: local!filterProblemArea,
                    contractorName: local!filterContractorName,
                    agencyName: local!filterDistrictArea,
                    /*Affects Secondary Assignees*/
                    /*regionName: local!currentUserRegions,*/
                    primaryAssigneeUsername: local!loggedInUser,
                    rsolUserName: local!currentUserRsolUserName,
                    daysOpen: local!filterDaysOpen,
                    daysInStatus: local!filterDaysInStatus,
                    lastModifiedBy: local!filterLastModifiedBy,
                    lastModifiedFromDate: 
                    if(#"2168a5de-fb70-4d66-8b97-b547e3ac6e57"(local!filterLastModified), null,
                      todatetime(local!filterLastModified &amp; " 12:00 AM")
                    ),
                    lastModifiedToDate: 
                    if(#"2168a5de-fb70-4d66-8b97-b547e3ac6e57"(local!filterLastModified), null,
                      todatetime(local!filterLastModified &amp; " 11:59 PM")
                    ),
                    pagingInfo: local!gridSelectionCaseInbox.pagingInfo,
                    getOnlyClosed:  local!filterClosedCases
                  ),
                  #"_a-0000e242-7d55-8000-9ba2-011c48011c48_1873590"(
                    caseNumber: local!filterCaseNumber,
                    stepTypeCode: local!filterCurrentStatus,
                    caseTypeDescription: local!filterCaseType,
                    evaluationTypeDescription: local!filterEvalType,
                    investigativeProcedureDescription: local!filterInvestigativeProcedure,
                    problemAreaType: local!filterProblemArea,
                    agencyName:  
                    if(#"2168a5de-fb70-4d66-8b97-b547e3ac6e57"(local!filterDistrictArea),
                      if(or(
                          local!isDORO,
                          local!isRD
                        ),
                        null,
                        local!currentUserDistrictAreas
                      ),
                      local!filterDistrictArea
                    ),
                    regionName: local!currentUserRegions,
                    contractorName: local!filterContractorName,
                    primaryAssigneeUsername: local!filterPrimaryAssigneeName,
                    rsolUsername: local!currentUserRsolUserName,
                    daysOpen: local!filterDaysOpen,
                    daysInStatus: local!filterDaysInStatus,
                    modifiedBy: local!filterLastModifiedBy,
                    fromModifiedDt:
                    if(#"2168a5de-fb70-4d66-8b97-b547e3ac6e57"(local!filterLastModified), null,
                      todatetime(local!filterLastModified &amp; " 12:00 AM")
                    ),
                    toModifiedDt: 
                    if(#"2168a5de-fb70-4d66-8b97-b547e3ac6e57"(local!filterLastModified), null,
                      todatetime(local!filterLastModified &amp; " 11:59 PM")
                    ),
                    getOnlyClosed: local!filterClosedCases,
                    pagingInfo: local!gridSelectionCaseInbox.pagingInfo
                  )
                ),
                #"_a-0000e180-b032-8000-9ba2-011c48011c48_1465628"(
                  dataSubset: local!dataSubset,
                  columnsShown: local!columnsShown,
                  gridSelection: local!gridSelectionCaseInbox,
                  selectedCaseIds: ri!selectedCaseIds,
                  isADD: local!isADD,
                  isDD: local!isDD,
                  isCO: local!isCO,
                  isDORO: local!isDORO,
                  isNO: local!isNO
                )
              ),
              #"_a-0000e1d3-cf59-8000-9ba2-011c48011c48_1622836"(
                showColumnFilter: local!showColumnFilter,
                choiceLabels: local!choicelabels,
                columnsShown: local!columnsShown
              )
            }
          )
        }
      ),
      /*CASE RESASSIGNMENT*/
      if(local!currentStep &lt;&gt; 2, {},
        {
          #"_a-0000e03d-bea2-8000-9ba2-011c48011c48_412444"(
            isDD: local!isDD,
            isDORO: local!isDORO,
            isNO: false,
            selectedCaseMasterViews: local!selectedCaseMasterViews,
            selectedRegionId: ri!selectedRegionId,
            selectedDistrictId: ri!selectedDistrictId,
            selectedPrimaryAssigneeId: ri!selectedPrimaryAssigneeId,
            reassignmentType: ri!reassignmentType,
            currentUserRoles: local!currentUserRoles
          ),
          #"SYSTEM_SYSRULES_sectionLayout_v1"(divider: "BELOW"),
          #"_a-0000e03d-bea2-8000-9ba2-011c48011c48_412719"(
            selectedCaseIds: ri!selectedCaseIds,
            secondaryAssigneeData: ri!secondaryAssigneeData,
            caseMasters: ri!caseMasters,
            previousPrimaryAssigneeIds: ri!previousPrimaryAssigneeIds,
            selectedRegionId: ri!selectedRegionId,
            isDORO: local!isDORO,
            selectedDistrictId: ri!selectedDistrictId,
            isNO: local!isNO,
            selectedPrimaryAssigneeId: ri!selectedPrimaryAssigneeId,
            reassignmentType: ri!reassignmentType,
            currentStep: local!currentStep
          )
        }
      ),
      /*PICK SUPPLY AND SERVICE CASE*/
      if(local!currentStep &lt;&gt; 3, {},
        #"_a-0000e170-e0a2-8000-9ba2-011c48011c48_1433441"(
          caseMaster: ri!caseMasters,
          userAction: ri!userAction,
          isDD: local!isDD,
          currentStep: local!currentStep,
          correspondence: ri!correspondence,
          schedulingListRepository: ri!schedulingListRepository,
          isAddSelectedAsPrimary: ri!isAddSelectedAsPrimary,
          districtAreaName: local!selectedDistrictAreaName,
          regionName: local!selectedRegionName
        )
      ),
      /*PICK CONSTRUCTION EVALUATION CASE*/
      /*if(local!currentStep &lt;&gt; 4, {},*/
        /*rule!CPMS_SCT_CE_PickCase(*/
          /*caseMaster: ri!caseMasters,*/
          /*userAction: ri!userAction,*/
          /*isDD: local!isDD,*/
          /*currentStep: local!currentStep,*/
          /*correspondence: ri!correspondence,*/
          /*schedulingListRepositoryCE: ri!schedulingListCeRepository,*/
          /*isAddSelectedAsPrimary: ri!isAddSelectedAsPrimary,*/
          /*districtAreaName: local!selectedDistrictAreaName,*/
          /*regionName: local!selectedRegionName*/
        /*)*/
      /*)*/
    }
  )
)</definition>
        <namedTypedValue>
            <name>caseMasters</name>
            <type>
                <name>CPMS_CaseMaster?list</name>
                <namespace>urn:com:appian:types:CPMS</namespace>
            </type>
        </namedTypedValue>
        <namedTypedValue>
            <name>previousPrimaryAssigneeIds</name>
            <type>
                <name>Integer?list</name>
                <namespace>http://www.appian.com/ae/types/2009</namespace>
            </type>
        </namedTypedValue>
        <namedTypedValue>
            <name>reassignmentType</name>
            <type>
                <name>string</name>
                <namespace>http://www.w3.org/2001/XMLSchema</namespace>
            </type>
            <value/>
        </namedTypedValue>
        <namedTypedValue>
            <name>secondaryAssigneeData</name>
            <type>
                <name>CPMS_CaseAssignment?list</name>
                <namespace>urn:com:appian:types:CPMS</namespace>
            </type>
        </namedTypedValue>
        <namedTypedValue>
            <name>selectedCaseIds</name>
            <type>
                <name>Integer?list</name>
                <namespace>http://www.appian.com/ae/types/2009</namespace>
            </type>
        </namedTypedValue>
        <namedTypedValue>
            <name>selectedDistrictId</name>
            <type>
                <name>int</name>
                <namespace>http://www.w3.org/2001/XMLSchema</namespace>
            </type>
        </namedTypedValue>
        <namedTypedValue>
            <name>selectedPrimaryAssigneeId</name>
            <type>
                <name>int</name>
                <namespace>http://www.w3.org/2001/XMLSchema</namespace>
            </type>
        </namedTypedValue>
        <namedTypedValue>
            <name>selectedRegionId</name>
            <type>
                <name>int</name>
                <namespace>http://www.w3.org/2001/XMLSchema</namespace>
            </type>
        </namedTypedValue>
        <namedTypedValue>
            <name>correspondence</name>
            <type>
                <name>CPMS_CaseCorrespondence</name>
                <namespace>urn:com:appian:types:CPMS</namespace>
            </type>
        </namedTypedValue>
        <namedTypedValue>
            <name>userAction</name>
            <type>
                <name>string</name>
                <namespace>http://www.w3.org/2001/XMLSchema</namespace>
            </type>
            <value/>
        </namedTypedValue>
        <namedTypedValue>
            <name>schedulingListRepository</name>
            <type>
                <name>CPMS_ScheduligListRepository</name>
                <namespace>urn:com:appian:types</namespace>
            </type>
        </namedTypedValue>
        <namedTypedValue>
            <name>isAddSelectedAsPrimary</name>
            <type>
                <name>boolean</name>
                <namespace>http://www.w3.org/2001/XMLSchema</namespace>
            </type>
        </namedTypedValue>
        <namedTypedValue>
            <name>schedulingListCeRepository</name>
            <type>
                <name>CPMS_SchedListCeRepository</name>
                <namespace>urn:com:appian:types</namespace>
            </type>
        </namedTypedValue>
        <preferredEditor>interface</preferredEditor>
        <offlineEnabled>false</offlineEnabled>
    </rule>
    <roleMap public="true">
        <role inherit="true" allowForAll="false" name="readers">
            <users/>
            <groups/>
        </role>
        <role inherit="true" allowForAll="false" name="authors">
            <users/>
            <groups/>
        </role>
        <role inherit="true" allowForAll="false" name="administrators">
            <users/>
            <groups/>
        </role>
        <role inherit="false" allowForAll="false" name="denyReaders">
            <users/>
            <groups/>
        </role>
        <role inherit="false" allowForAll="false" name="denyAuthors">
            <users/>
            <groups/>
        </role>
        <role inherit="false" allowForAll="false" name="denyAdministrators">
            <users/>
            <groups/>
        </role>
    </roleMap>
    <history>
        <historyInfo versionUuid="_a-0000e018-d5b4-8000-9ba2-011c48011c48_344713"/>
        <historyInfo versionUuid="_a-0000e018-d5b4-8000-9ba2-011c48011c48_348919"/>
        <historyInfo versionUuid="_a-0000e018-d5b4-8000-9ba2-011c48011c48_353105"/>
        <historyInfo versionUuid="_a-0000e018-d5b4-8000-9ba2-011c48011c48_354952"/>
        <historyInfo versionUuid="_a-0000e03d-bea2-8000-9ba2-011c48011c48_410113"/>
        <historyInfo versionUuid="_a-0000e03d-bea2-8000-9ba2-011c48011c48_410695"/>
        <historyInfo versionUuid="_a-0000e03d-bea2-8000-9ba2-011c48011c48_411122"/>
        <historyInfo versionUuid="_a-0000e03d-bea2-8000-9ba2-011c48011c48_411222"/>
        <historyInfo versionUuid="_a-0000e03d-bea2-8000-9ba2-011c48011c48_412606"/>
        <historyInfo versionUuid="_a-0000e04d-221f-8000-9ba2-011c48011c48_482162"/>
        <historyInfo versionUuid="_a-0000e04d-221f-8000-9ba2-011c48011c48_483253"/>
        <historyInfo versionUuid="_a-0000e062-98df-8000-9ba2-011c48011c48_552820"/>
        <historyInfo versionUuid="_a-0000e062-98df-8000-9ba2-011c48011c48_554737"/>
        <historyInfo versionUuid="_a-0000e062-98df-8000-9ba2-011c48011c48_557535"/>
        <historyInfo versionUuid="_a-0000e087-8180-8000-9ba2-011c48011c48_660792"/>
        <historyInfo versionUuid="_a-0000e099-edda-8000-9ba2-011c48011c48_740385"/>
        <historyInfo versionUuid="_a-0000e099-edda-8000-9ba2-011c48011c48_750322"/>
        <historyInfo versionUuid="_a-0000e099-edda-8000-9ba2-011c48011c48_750368"/>
        <historyInfo versionUuid="_a-0000e0ac-6ca0-8000-9ba2-011c48011c48_844752"/>
        <historyInfo versionUuid="_a-0000e0db-7f6d-8000-9ba2-011c48011c48_1007105"/>
        <historyInfo versionUuid="_a-0000e0e9-2531-8000-9ba2-011c48011c48_1095498"/>
        <historyInfo versionUuid="_a-0000e11b-2acc-8000-9ba2-011c48011c48_1243576"/>
        <historyInfo versionUuid="_a-0000e11b-2acc-8000-9ba2-011c48011c48_1262293"/>
        <historyInfo versionUuid="_a-0000e140-13df-8000-9ba2-011c48011c48_1309912"/>
        <historyInfo versionUuid="_a-0000e140-13df-8000-9ba2-011c48011c48_1339966"/>
        <historyInfo versionUuid="_a-0000e170-e0a2-8000-9ba2-011c48011c48_1457204"/>
        <historyInfo versionUuid="_a-0000e189-e727-8000-9ba2-011c48011c48_1505291"/>
        <historyInfo versionUuid="_a-0000e189-e727-8000-9ba2-011c48011c48_1523033"/>
        <historyInfo versionUuid="_a-0000e1ae-dd4e-8000-9ba2-011c48011c48_1556158"/>
        <historyInfo versionUuid="_a-0000e1ae-dd4e-8000-9ba2-011c48011c48_1556504"/>
        <historyInfo versionUuid="_a-0000e1d3-cf59-8000-9ba2-011c48011c48_1623097"/>
        <historyInfo versionUuid="_a-0000e1d3-cf59-8000-9ba2-011c48011c48_1665775"/>
        <historyInfo versionUuid="_a-0000e201-b978-8000-9ba2-011c48011c48_1743576"/>
        <historyInfo versionUuid="_a-0000e201-b978-8000-9ba2-011c48011c48_1773562"/>
        <historyInfo versionUuid="_a-0000e201-b978-8000-9ba2-011c48011c48_1781345"/>
        <historyInfo versionUuid="_a-0000e21d-9dc3-8000-9ba2-011c48011c48_1793500"/>
        <historyInfo versionUuid="_a-0000e21d-9dc3-8000-9ba2-011c48011c48_1808895"/>
        <historyInfo versionUuid="_a-0000e263-9e2b-8000-9ba2-011c48011c48_1895617"/>
        <historyInfo versionUuid="_a-0000e263-9e2b-8000-9ba2-011c48011c48_1902434"/>
        <historyInfo versionUuid="_a-0000e267-6bf8-8000-9ba2-011c48011c48_1922108"/>
        <historyInfo versionUuid="_a-0000e267-6bf8-8000-9ba2-011c48011c48_1977274"/>
        <historyInfo versionUuid="_a-0000e267-6bf8-8000-9ba2-011c48011c48_2021664"/>
        <historyInfo versionUuid="_a-0000e267-6bf8-8000-9ba2-011c48011c48_2089569"/>
        <historyInfo versionUuid="_a-0000e267-6bf8-8000-9ba2-011c48011c48_2093649"/>
        <historyInfo versionUuid="_a-0000e267-6bf8-8000-9ba2-011c48011c48_2101275"/>
        <historyInfo versionUuid="_a-0000e267-6bf8-8000-9ba2-011c48011c48_2115815"/>
        <historyInfo versionUuid="_a-0000e267-6bf8-8000-9ba2-011c48011c48_2125410"/>
        <historyInfo versionUuid="_a-0000e28c-4fbf-8000-9ba2-011c48011c48_2201204"/>
        <historyInfo versionUuid="_a-0000e28c-4fbf-8000-9ba2-011c48011c48_2223970"/>
        <historyInfo versionUuid="_a-0000e28c-4fbf-8000-9ba2-011c48011c48_2226522"/>
        <historyInfo versionUuid="_a-0000e28c-4fbf-8000-9ba2-011c48011c48_2233512"/>
    </history>
</contentHaul>
