<?xml version="1.0" encoding="UTF-8" standalone="yes"?>
<applicationHaul xmlns:a="http://www.appian.com/ae/types/2009">
    <versionUuid>_a-0000e298-3c96-8000-9ba2-011c48011c48_2242773</versionUuid>
    <application>
        <name>CPMS Defects JB</name>
        <uuid>_a-0000e201-b978-8000-9ba2-011c48011c48_1744932</uuid>
        <description>Johnson's Bugs and Prototypes</description>
        <parentUuid>SYSTEM_APPLICATIONS_ROOT</parentUuid>
        <visibility>
            <advertise>false</advertise>
            <hierarchy>true</hierarchy>
            <indexable>true</indexable>
            <quota>false</quota>
            <searchable>true</searchable>
            <system>false</system>
            <unlogged>false</unlogged>
        </visibility>
        <urlIdentifier>WPUSQw</urlIdentifier>
        <published>false</published>
        <public>false</public>
        <associatedObjects>
            <globalIdMap>
                <item>
                    <type>datatype</type>
                    <uuids/>
                </item>
                <item>
                    <type>dataStore</type>
                    <uuids/>
                </item>
                <item>
                    <type>user</type>
                    <uuids/>
                </item>
                <item>
                    <type>groupType</type>
                    <uuids/>
                </item>
                <item>
                    <type>group</type>
                    <uuids/>
                </item>
                <item>
                    <type>content</type>
                    <uuids>
                        <uuid>_a-0000e267-6bf8-8000-9ba2-011c48011c48_2001444</uuid>
                        <uuid>_a-0000e267-6bf8-8000-9ba2-011c48011c48_2001494</uuid>
                        <uuid>_a-0000e267-6bf8-8000-9ba2-011c48011c48_2036741</uuid>
                        <uuid>_a-0000e267-6bf8-8000-9ba2-011c48011c48_2036781</uuid>
                        <uuid>_a-0000e180-b032-8000-9ba2-011c48011c48_1465628</uuid>
                        <uuid>_a-0000e180-b032-8000-9ba2-011c48011c48_1465536</uuid>
                        <uuid>_a-0000e018-d5b4-8000-9ba2-011c48011c48_340037</uuid>
                        <uuid>_a-0000e189-e727-8000-9ba2-011c48011c48_1479973</uuid>
                        <uuid>_a-0000e180-b032-8000-9ba2-011c48011c48_1470622</uuid>
                        <uuid>_a-0000e0ac-6ca0-8000-9ba2-011c48011c48_864475</uuid>
                        <uuid>_a-0000e28c-4fbf-8000-9ba2-011c48011c48_2217688</uuid>
                        <uuid>_a-0000e140-13df-8000-9ba2-011c48011c48_1341230</uuid>
                        <uuid>_a-0000e201-b978-8000-9ba2-011c48011c48_1771306</uuid>
                        <uuid>_a-0000e21d-9dc3-8000-9ba2-011c48011c48_1807185</uuid>
                        <uuid>_a-0000e28c-4fbf-8000-9ba2-011c48011c48_2219248</uuid>
                        <uuid>_a-0000e28c-4fbf-8000-9ba2-011c48011c48_2219254</uuid>
                        <uuid>_a-0000e242-7d55-8000-9ba2-011c48011c48_1857609</uuid>
                        <uuid>_a-0000e111-f254-8000-9ba2-011c48011c48_1197497</uuid>
                        <uuid>_a-0000e267-6bf8-8000-9ba2-011c48011c48_2022399</uuid>
                    </uuids>
                </item>
                <item>
                    <type>forum</type>
                    <uuids/>
                </item>
                <item>
                    <type>processModelFolder</type>
                    <uuids/>
                </item>
                <item>
                    <type>processModel</type>
                    <uuids>
                        <uuid>0002e272-ea70-8000-f92f-7f0000014e7a</uuid>
                        <uuid>0002e190-105a-8000-f92f-7f0000014e7a</uuid>
                    </uuids>
                </item>
                <item>
                    <type>portlet</type>
                    <uuids/>
                </item>
                <item>
                    <type>page</type>
                    <uuids/>
                </item>
                <item>
                    <type>application</type>
                    <uuids/>
                </item>
                <item>
                    <type>tempoFeed</type>
                    <uuids/>
                </item>
                <item>
                    <type>recordType</type>
                    <uuids/>
                </item>
                <item>
                    <type>tempoReport</type>
                    <uuids/>
                </item>
                <item>
                    <type>taskReport</type>
                    <uuids/>
                </item>
                <item>
                    <type>webApi</type>
                    <uuids/>
                </item>
                <item>
                    <type>site</type>
                    <uuids/>
                </item>
                <item>
                    <type>adminSetting</type>
                    <uuids/>
                </item>
                <item>
                    <type>thirdPartyCredentials</type>
                    <uuids/>
                </item>
                <item>
                    <type>dataSource</type>
                    <uuids/>
                </item>
                <item>
                    <type>embeddedSailTheme</type>
                    <uuids/>
                </item>
                <item>
                    <type>connectedSystem</type>
                    <uuids/>
                </item>
            </globalIdMap>
        </associatedObjects>
        <applicationNavigation/>
        <applicationActions/>
        <associatedApplications>
            <globalIdMap>
                <item>
                    <type>datatype</type>
                    <uuids/>
                </item>
                <item>
                    <type>dataStore</type>
                    <uuids/>
                </item>
                <item>
                    <type>user</type>
                    <uuids/>
                </item>
                <item>
                    <type>groupType</type>
                    <uuids/>
                </item>
                <item>
                    <type>group</type>
                    <uuids/>
                </item>
                <item>
                    <type>content</type>
                    <uuids/>
                </item>
                <item>
                    <type>forum</type>
                    <uuids/>
                </item>
                <item>
                    <type>processModelFolder</type>
                    <uuids/>
                </item>
                <item>
                    <type>processModel</type>
                    <uuids/>
                </item>
                <item>
                    <type>portlet</type>
                    <uuids/>
                </item>
                <item>
                    <type>page</type>
                    <uuids/>
                </item>
                <item>
                    <type>application</type>
                    <uuids/>
                </item>
                <item>
                    <type>tempoFeed</type>
                    <uuids/>
                </item>
                <item>
                    <type>recordType</type>
                    <uuids/>
                </item>
                <item>
                    <type>tempoReport</type>
                    <uuids/>
                </item>
                <item>
                    <type>taskReport</type>
                    <uuids/>
                </item>
                <item>
                    <type>webApi</type>
                    <uuids/>
                </item>
                <item>
                    <type>site</type>
                    <uuids/>
                </item>
                <item>
                    <type>adminSetting</type>
                    <uuids/>
                </item>
                <item>
                    <type>thirdPartyCredentials</type>
                    <uuids/>
                </item>
                <item>
                    <type>dataSource</type>
                    <uuids/>
                </item>
                <item>
                    <type>embeddedSailTheme</type>
                    <uuids/>
                </item>
                <item>
                    <type>connectedSystem</type>
                    <uuids/>
                </item>
            </globalIdMap>
        </associatedApplications>
    </application>
    <roleMap>
        <contentRoleMap public="true">
            <role inherit="false" allowForAll="false" name="readers">
                <users/>
                <groups/>
            </role>
            <role inherit="false" allowForAll="false" name="authors">
                <users/>
                <groups/>
            </role>
            <role inherit="false" allowForAll="false" name="administrators">
                <users/>
                <groups/>
            </role>
            <role inherit="false" allowForAll="false" name="denyReaders">
                <users/>
                <groups/>
            </role>
            <role inherit="false" allowForAll="false" name="denyAuthors">
                <users/>
                <groups/>
            </role>
            <role inherit="false" allowForAll="false" name="denyAdministrators">
                <users/>
                <groups/>
            </role>
        </contentRoleMap>
    </roleMap>
    <history>
        <historyInfo versionUuid="_a-0000e21d-9dc3-8000-9ba2-011c48011c48_1818720"/>
        <historyInfo versionUuid="_a-0000e21d-9dc3-8000-9ba2-011c48011c48_1818976"/>
        <historyInfo versionUuid="_a-0000e21d-9dc3-8000-9ba2-011c48011c48_1819054"/>
        <historyInfo versionUuid="_a-0000e21d-9dc3-8000-9ba2-011c48011c48_1825548"/>
        <historyInfo versionUuid="_a-0000e21d-9dc3-8000-9ba2-011c48011c48_1825585"/>
        <historyInfo versionUuid="_a-0000e298-3c96-8000-9ba2-011c48011c48_2241246"/>
        <historyInfo versionUuid="_a-0000e298-3c96-8000-9ba2-011c48011c48_2242773"/>
    </history>
</applicationHaul>
